CustomerID,Customer Name,Province,Region,Customer Segment
1,Muhammed MacIntyre,Nunavut,Nunavut,Small Business
2,Barry French,Nunavut,Nunavut,Consumer
3,Clay Rozendal,Nunavut,Nunavut,Corporate
4,Carlos Soltero,Nunavut,Nunavut,Consumer
5,Carl Jackson,Nunavut,Nunavut,Corporate
6,Monica Federle,Nunavut,Nunavut,Corporate
7,Dorothy Badders,Nunavut,Nunavut,Home Office
8,Neola Schneider,Nunavut,Nunavut,Home Office
9,Carlos Daly,Nunavut,Nunavut,Home Office
10,Claudia Miner,Nunavut,Nunavut,Small Business
11,Allen Rosenblatt,Nunavut,Nunavut,Small Business
12,Sylvia Foulston,Nunavut,Nunavut,Home Office
13,Jim Radford,Nunavut,Nunavut,Corporate
14,Carl Ludwig,Nunavut,Nunavut,Corporate
15,Don Miller,Nunavut,Nunavut,Home Office
16,Annie Cyprus,Nunavut,Nunavut,Home Office
17,Grant Carroll,Nunavut,Nunavut,Small Business
18,Alan Barnes,Nunavut,Nunavut,Corporate
19,Jack Garza,Nunavut,Nunavut,Corporate
20,Julia West,Nunavut,Nunavut,Corporate
21,Eugene Barchas,Nunavut,Nunavut,Corporate
22,Edward Hooks,Nunavut,Nunavut,Consumer
23,Brad Eason,Nunavut,Nunavut,Small Business
24,Nicole Hansen,Nunavut,Nunavut,Small Business
25,Dorothy Wardle,Nunavut,Nunavut,Corporate
26,Aaron Bergman,Nunavut,Nunavut,Corporate
27,Don Jones,Nunavut,Nunavut,Corporate
28,Beth Thompson,Nunavut,Nunavut,Corporate
29,Frank Price,Nunavut,Nunavut,Corporate
30,Michelle Lonsdale,Nunavut,Nunavut,Home Office
31,Ann Chong,Nunavut,Nunavut,Corporate
32,Joy Bell,Nunavut,Nunavut,Home Office
33,Skye Norling,Nunavut,Nunavut,Home Office
34,Barry Weirich,Nunavut,Nunavut,Corporate
35,Grant Carroll,Nunavut,Nunavut,Corporate
36,Adrian Hane,Nunavut,Nunavut,Corporate
37,Andrew Gjertsen,Nunavut,Nunavut,Consumer
38,Ralph Knight,Nunavut,Nunavut,Consumer
39,Beth Paige,Nunavut,Nunavut,Consumer
40,Sylvia Foulston,Nunavut,Nunavut,Corporate
41,Beth Paige,Northwest Territories,Northwest Territories,Consumer
42,Sylvia Foulston,Northwest Territories,Northwest Territories,Corporate
43,Bryan Davis,Northwest Territories,Northwest Territories,Corporate
44,Joy Bell,Northwest Territories,Northwest Territories,Home Office
45,Alan Barnes,Northwest Territories,Northwest Territories,Corporate
46,Grant Carroll,Northwest Territories,Northwest Territories,Corporate
47,Delfina Latchford,Northwest Territories,Northwest Territories,Small Business
48,Don Jones,Northwest Territories,Northwest Territories,Corporate
49,Doug Bickford,Northwest Territories,Northwest Territories,Corporate
50,Jamie Kunitz,Northwest Territories,Northwest Territories,Corporate
51,Anthony Johnson,Northwest Territories,Northwest Territories,Small Business
52,Ralph Knight,Northwest Territories,Northwest Territories,Consumer
53,Allen Rosenblatt,Northwest Territories,Northwest Territories,Small Business
54,Barry Weirich,Northwest Territories,Northwest Territories,Corporate
55,Carl Jackson,Northwest Territories,Northwest Territories,Home Office
56,Brendan Dodson,Northwest Territories,Northwest Territories,Corporate
57,Edward Hooks,Northwest Territories,Northwest Territories,Consumer
58,Michelle Lonsdale,Northwest Territories,Northwest Territories,Home Office
59,Hunter Glantz,Northwest Territories,Northwest Territories,Corporate
60,Eugene Barchas,Northwest Territories,Northwest Territories,Home Office
61,Jim Radford,Northwest Territories,Northwest Territories,Corporate
62,Carlos Soltero,Northwest Territories,Northwest Territories,Small Business
63,Grant Carroll,Northwest Territories,Northwest Territories,Small Business
64,Skye Norling,Northwest Territories,Northwest Territories,Home Office
65,Muhammed MacIntyre,Northwest Territories,Northwest Territories,Small Business
66,Doug Bickford,Northwest Territories,Northwest Territories,Small Business
67,Beth Thompson,Northwest Territories,Northwest Territories,Corporate
68,Dorothy Badders,Northwest Territories,Northwest Territories,Home Office
69,Julia West,Northwest Territories,Northwest Territories,Corporate
70,Brad Eason,Northwest Territories,Northwest Territories,Small Business
71,Thomas Seio,Northwest Territories,Northwest Territories,Home Office
72,Monica Federle,Northwest Territories,Northwest Territories,Corporate
73,Frank Price,Northwest Territories,Northwest Territories,Corporate
74,Nicole Hansen,Northwest Territories,Northwest Territories,Corporate
75,Nicole Hansen,Northwest Territories,Northwest Territories,Small Business
76,Carlos Soltero,Northwest Territories,Northwest Territories,Consumer
77,Don Miller,Northwest Territories,Northwest Territories,Home Office
78,Becky Castell,Northwest Territories,Northwest Territories,Consumer
79,Dorothy Wardle,Northwest Territories,Northwest Territories,Corporate
80,Ann Chong,Northwest Territories,Northwest Territories,Corporate
81,Clay Rozendal,Northwest Territories,Northwest Territories,Corporate
82,Carlos Daly,Northwest Territories,Northwest Territories,Home Office
83,Cari Schnelling,Northwest Territories,Northwest Territories,Home Office
84,Chad Cunningham,Northwest Territories,Northwest Territories,Small Business
85,Bryan Mills,Northwest Territories,Northwest Territories,Small Business
86,Adrian Hane,Northwest Territories,Northwest Territories,Corporate
87,Rick Reed,Northwest Territories,Northwest Territories,Consumer
88,Heather Kirkland,Northwest Territories,Northwest Territories,Home Office
89,Fred Wasserman,Northwest Territories,Northwest Territories,Home Office
90,Claudia Miner,Northwest Territories,Northwest Territories,Small Business
91,Jack Lebron,Northwest Territories,Northwest Territories,Corporate
92,Julia West,Northwest Territories,Northwest Territories,Home Office
93,Eugene Barchas,Northwest Territories,Northwest Territories,Corporate
94,Carl Ludwig,Northwest Territories,Northwest Territories,Corporate
95,Julia West,Northwest Territories,Northwest Territories,Small Business
96,Mike Pelletier,Northwest Territories,Northwest Territories,Corporate
97,Charles McCrossin,Northwest Territories,Northwest Territories,Corporate
98,Annie Cyprus,Northwest Territories,Northwest Territories,Home Office
99,Michelle Lonsdale,Northwest Territories,Northwest Territories,Corporate
100,Charlotte Melton,Northwest Territories,Northwest Territories,Home Office
101,Barry French,Northwest Territories,Northwest Territories,Consumer
102,Henry Goldwyn,Northwest Territories,Northwest Territories,Small Business
103,Roy Skaria,Northwest Territories,Northwest Territories,Corporate
104,Jeremy Lonsdale,Northwest Territories,Northwest Territories,Corporate
105,Carlos Daly,Northwest Territories,Northwest Territories,Corporate
106,Cindy Schnelling,Northwest Territories,Northwest Territories,Corporate
107,Susan Vittorini,Northwest Territories,Northwest Territories,Corporate
108,Toby Braunhardt,Northwest Territories,Northwest Territories,Corporate
109,Julia West,Northwest Territories,Northwest Territories,Consumer
110,Susan Vittorini,Northwest Territories,Northwest Territories,Home Office
111,Mike Pelletier,Northwest Territories,Northwest Territories,Small Business
112,Neola Schneider,Northwest Territories,Northwest Territories,Home Office
113,Cari Schnelling,Northwest Territories,Northwest Territories,Small Business
114,Andrew Gjertsen,Northwest Territories,Northwest Territories,Consumer
115,Ralph Arnett,Northwest Territories,Northwest Territories,Consumer
116,Bryan Mills,Northwest Territories,Northwest Territories,Corporate
117,Grant Carroll,Prince Edward Island,Atlantic,Small Business
118,Julia West,Prince Edward Island,Atlantic,Consumer
119,Muhammed MacIntyre,Prince Edward Island,Atlantic,Small Business
120,Susan Vittorini,Prince Edward Island,Atlantic,Corporate
121,Sylvia Foulston,Prince Edward Island,Atlantic,Corporate
122,Doug Bickford,Prince Edward Island,Atlantic,Corporate
123,Dorothy Badders,Prince Edward Island,Atlantic,Home Office
124,Henry Goldwyn,Prince Edward Island,Atlantic,Small Business
125,Chad Cunningham,Prince Edward Island,Atlantic,Small Business
126,Beth Thompson,Prince Edward Island,Atlantic,Corporate
127,Andrew Gjertsen,Prince Edward Island,Atlantic,Consumer
128,Michelle Lonsdale,Prince Edward Island,Atlantic,Corporate
129,Cari Schnelling,Prince Edward Island,Atlantic,Small Business
130,Edward Hooks,Prince Edward Island,Atlantic,Consumer
131,Brendan Dodson,Prince Edward Island,Atlantic,Corporate
132,Harold Engle,Prince Edward Island,Atlantic,Consumer
133,Roy French,Prince Edward Island,Atlantic,Consumer
134,Helen Abelman,Prince Edward Island,Atlantic,Home Office
135,Guy Armstrong,Prince Edward Island,Atlantic,Corporate
136,Jennifer Braxton,Prince Edward Island,Atlantic,Small Business
137,Giulietta Baptist,Prince Edward Island,Atlantic,Home Office
138,Jack Lebron,Prince Edward Island,Atlantic,Corporate
139,Erica Bern,Prince Edward Island,Atlantic,Corporate
140,Christopher Schild,Prince Edward Island,Atlantic,Corporate
141,Joy Smith,Prince Edward Island,Atlantic,Corporate
142,Evan Minnotte,Prince Edward Island,Atlantic,Corporate
143,Jenna Caffey,Prince Edward Island,Atlantic,Consumer
144,Harold Engle,Prince Edward Island,Atlantic,Home Office
145,Hilary Holden,Prince Edward Island,Atlantic,Corporate
146,Greg Guthrie,Prince Edward Island,Atlantic,Corporate
147,Joy Smith,Prince Edward Island,Atlantic,Consumer
148,Dan Reichenbach,Prince Edward Island,Atlantic,Corporate
149,Paul Gonzalez,Prince Edward Island,Atlantic,Corporate
150,Filia McAdams,Prince Edward Island,Atlantic,Small Business
151,Greg Guthrie,Prince Edward Island,Atlantic,Small Business
152,Chuck Magee,Prince Edward Island,Atlantic,Corporate
153,Frank Atkinson,Prince Edward Island,Atlantic,Corporate
154,Carlos Soltero,Prince Edward Island,Atlantic,Consumer
155,Philip Brown,Prince Edward Island,Atlantic,Home Office
156,Erica Bern,Prince Edward Island,Atlantic,Small Business
157,Carlos Soltero,Prince Edward Island,Atlantic,Small Business
158,Jim Sink,Prince Edward Island,Atlantic,Corporate
159,Philip Brown,Prince Edward Island,Atlantic,Corporate
160,Logan Haushalter,Prince Edward Island,Atlantic,Corporate
161,Noah Childs,Prince Edward Island,Atlantic,Home Office
162,Noah Childs,Manitoba,Prarie,Home Office
163,Evan Minnotte,Manitoba,Prarie,Corporate
164,Guy Armstrong,Manitoba,Prarie,Corporate
165,Chuck Magee,Manitoba,Prarie,Corporate
166,Greg Guthrie,Manitoba,Prarie,Small Business
167,Carlos Soltero,Manitoba,Prarie,Small Business
168,Greg Guthrie,Manitoba,Prarie,Corporate
169,Carlos Soltero,Manitoba,Prarie,Consumer
170,Christopher Schild,Manitoba,Prarie,Corporate
171,Joy Smith,Manitoba,Prarie,Corporate
172,Joy Smith,Manitoba,Prarie,Consumer
173,Brian Moss,Manitoba,Prarie,Corporate
174,Logan Haushalter,Manitoba,Prarie,Corporate
175,Jim Sink,Manitoba,Prarie,Corporate
176,Jennifer Braxton,Manitoba,Prarie,Small Business
177,Harold Engle,Manitoba,Prarie,Home Office
178,Hilary Holden,Manitoba,Prarie,Corporate
179,Erica Bern,Manitoba,Prarie,Corporate
180,Harold Engle,Manitoba,Prarie,Consumer
181,Helen Abelman,Manitoba,Prarie,Home Office
182,Jack Lebron,British Columbia,West,Corporate
183,Giulietta Baptist,British Columbia,West,Home Office
184,Jim Sink,British Columbia,West,Corporate
185,Julie Creighton,British Columbia,West,Corporate
186,Sanjit Chand,British Columbia,West,Home Office
187,Matt Collins,British Columbia,West,Consumer
188,Justin Knight,British Columbia,West,Corporate
189,Rob Haberlin,British Columbia,West,Corporate
190,Rob Haberlin,British Columbia,West,Consumer
191,Christina Vanderzanden,British Columbia,West,Small Business
192,Lena Cacioppo,British Columbia,West,Home Office
193,Kimberly Carter,British Columbia,West,Home Office
194,Gene Hale,British Columbia,West,Consumer
195,Sally Knutson,British Columbia,West,Consumer
196,Marina Lichtenstein,British Columbia,West,Corporate
197,Michelle Arnett,British Columbia,West,Home Office
198,Seth Vernon,British Columbia,West,Home Office
199,Luke Weiss,British Columbia,West,Corporate
200,Anthony Johnson,British Columbia,West,Small Business
201,Kimberly Carter,British Columbia,West,Small Business
202,Sally Knutson,British Columbia,West,Corporate
203,Christina DeMoss,British Columbia,West,Home Office
204,Monica Federle,British Columbia,West,Corporate
205,Joy Smith,British Columbia,West,Consumer
206,Sonia Sunley,British Columbia,West,Small Business
207,Anthony O'Donnell,British Columbia,West,Consumer
208,Emily Grady,British Columbia,West,Home Office
209,Alex Avila,British Columbia,West,Home Office
210,Brian Moss,British Columbia,West,Corporate
211,Anna Andreadi,British Columbia,West,Small Business
212,Barbara Fisher,British Columbia,West,Small Business
213,Kelly Williams,British Columbia,West,Corporate
214,Sonia Sunley,British Columbia,West,Corporate
215,Jocasta Rupert,British Columbia,West,Consumer
216,Rick Duston,British Columbia,West,Corporate
217,Angele Hood,British Columbia,West,Consumer
218,Dennis Bolton,British Columbia,West,Consumer
219,Stewart Carmichael,British Columbia,West,Corporate
220,Alex Avila,British Columbia,West,Corporate
221,Sarah Foster,British Columbia,West,Corporate
222,Jim Karlsson,British Columbia,West,Small Business
223,Lisa DeCherney,British Columbia,West,Corporate
224,Roy Skaria,British Columbia,West,Corporate
225,Dennis Bolton,British Columbia,West,Small Business
226,Peter Buhler,British Columbia,West,Consumer
227,Anthony O'Donnell,British Columbia,West,Corporate
228,Daniel Lacy,British Columbia,West,Small Business
229,Giulietta Weimer,British Columbia,West,Corporate
230,Mike Vittorini,British Columbia,West,Small Business
231,Lela Donovan,British Columbia,West,Corporate
232,Shahid Shariari,British Columbia,West,Corporate
233,Trudy Schmidt,British Columbia,West,Small Business
234,Christopher Martinez,British Columbia,West,Small Business
235,Marc Harrigan,British Columbia,West,Home Office
236,Liz Price,British Columbia,West,Consumer
237,Ralph Kennedy,British Columbia,West,Corporate
238,Rob Dowd,British Columbia,West,Corporate
239,Khloe Miller,British Columbia,West,Home Office
240,Shahid Hopkins,British Columbia,West,Small Business
241,Kristina Nunn,British Columbia,West,Consumer
242,Ricardo Emerson,British Columbia,West,Corporate
243,Patrick O'Brill,British Columbia,West,Home Office
244,Thomas Brumley,British Columbia,West,Consumer
245,Vicky Freymann,British Columbia,West,Home Office
246,Khloe Miller,British Columbia,West,Corporate
247,Tony Chapman,British Columbia,West,Consumer
248,Liz Price,British Columbia,West,Corporate
249,Sarah Bern,British Columbia,West,Corporate
250,Mark Cousins,British Columbia,West,Home Office
251,Mark Cousins,British Columbia,West,Corporate
252,Daniel Byrd,British Columbia,West,Home Office
253,John Murray,British Columbia,West,Small Business
254,Lena Hernandez,British Columbia,West,Home Office
255,Greg Maxwell,British Columbia,West,Home Office
256,Giulietta Weimer,British Columbia,West,Home Office
257,Justin Hirsh,British Columbia,West,Consumer
258,Shahid Shariari,British Columbia,West,Consumer
259,Sally Knutson,British Columbia,West,Small Business
260,Sally Knutson,British Columbia,West,Home Office
261,Heather Jas,British Columbia,West,Corporate
262,Philisse Overcash,British Columbia,West,Small Business
263,Neil Knudson,British Columbia,West,Home Office
264,Cathy Armstrong,British Columbia,West,Consumer
265,Neil Knudson,British Columbia,West,Corporate
266,Chuck Clark,British Columbia,West,Corporate
267,Khloe Miller,British Columbia,West,Consumer
268,Bill Eplett,British Columbia,West,Corporate
269,John Grady,British Columbia,West,Corporate
270,Khloe Miller,Nova Scotia,Atlantic,Home Office
271,Tony Chapman,Nova Scotia,Atlantic,Consumer
272,Ralph Kennedy,Nova Scotia,Atlantic,Corporate
273,Trudy Schmidt,Nova Scotia,Atlantic,Small Business
274,Gene Hale,Nova Scotia,Atlantic,Consumer
275,Sarah Bern,Nova Scotia,Atlantic,Corporate
276,Justin Hirsh,Nova Scotia,Atlantic,Consumer
277,Liz Price,Nova Scotia,Atlantic,Consumer
278,Greg Maxwell,Nova Scotia,Atlantic,Home Office
279,Marc Harrigan,Nova Scotia,Atlantic,Home Office
280,Sally Knutson,Nova Scotia,Atlantic,Corporate
281,Giulietta Weimer,Nova Scotia,Atlantic,Corporate
282,Kristina Nunn,Nova Scotia,Atlantic,Consumer
283,Chuck Clark,Nova Scotia,Atlantic,Corporate
284,Sally Knutson,Nova Scotia,Atlantic,Consumer
285,Tanja Norvell,Nova Scotia,Atlantic,Consumer
286,Liz Price,Nova Scotia,Atlantic,Corporate
287,Vicky Freymann,Nova Scotia,Atlantic,Home Office
288,Philisse Overcash,Nova Scotia,Atlantic,Small Business
289,Patrick O'Brill,Nova Scotia,Atlantic,Home Office
290,Cathy Armstrong,Nova Scotia,Atlantic,Consumer
291,Heather Jas,Nova Scotia,Atlantic,Corporate
292,Lena Hernandez,Nova Scotia,Atlantic,Home Office
293,Shahid Shariari,Nova Scotia,Atlantic,Consumer
294,Khloe Miller,Nova Scotia,Atlantic,Consumer
295,Paul MacIntyre,Nova Scotia,Atlantic,Corporate
296,Mike Vittorini,Nova Scotia,Atlantic,Small Business
297,John Grady,Nova Scotia,Atlantic,Corporate
298,Ricardo Emerson,Nova Scotia,Atlantic,Corporate
299,Matt Abelman,Nova Scotia,Atlantic,Consumer
300,Sarah Jordon,Nova Scotia,Atlantic,Consumer
301,Sally Matthias,Nova Scotia,Atlantic,Corporate
302,Sally Matthias,Nova Scotia,Atlantic,Home Office
303,Theone Pippenger,Nova Scotia,Atlantic,Corporate
304,Art Ferguson,Nova Scotia,Atlantic,Corporate
305,Jack O'Briant,Nova Scotia,Atlantic,Home Office
306,Nathan Cano,Nova Scotia,Atlantic,Consumer
307,Michael Granlund,Nova Scotia,Atlantic,Corporate
308,Steve Carroll,Nova Scotia,Atlantic,Consumer
309,Scott Williamson,Nova Scotia,Atlantic,Small Business
310,Dennis Bolton,Nova Scotia,Atlantic,Small Business
311,Sean Wendt,Nova Scotia,Atlantic,Corporate
312,John Castell,Nova Scotia,Atlantic,Consumer
313,Jack O'Briant,Nova Scotia,Atlantic,Small Business
314,David Philippe,Nova Scotia,Atlantic,Consumer
315,Chad Sievert,Nova Scotia,Atlantic,Corporate
316,Matt Abelman,Nova Scotia,Atlantic,Home Office
317,Shaun Weien,Nova Scotia,Atlantic,Home Office
318,Maya Herman,Nova Scotia,Atlantic,Corporate
319,Michael Granlund,Nova Scotia,Atlantic,Home Office
320,Jack O'Briant,Nova Scotia,Atlantic,Consumer
321,Ivan Liston,Nova Scotia,Atlantic,Consumer
322,Brad Norvell,Nova Scotia,Atlantic,Corporate
323,Ken Heidel,Nova Scotia,Atlantic,Corporate
324,John Castell,Nova Scotia,Atlantic,Small Business
325,Mike Kennedy,Nova Scotia,Atlantic,Small Business
326,Charles Sheldon,Nova Scotia,Atlantic,Corporate
327,Mike Kennedy,Nova Scotia,Atlantic,Corporate
328,Matt Abelman,Nova Scotia,Atlantic,Small Business
329,Brian Derr,Nova Scotia,Atlantic,Small Business
330,Roland Black,Nova Scotia,Atlantic,Small Business
331,Dana Kaydos,Nova Scotia,Atlantic,Corporate
332,Darren Koutras,Nova Scotia,Atlantic,Consumer
333,Neil Ducich,Nova Scotia,Atlantic,Home Office
334,Sean Wendt,British Columbia,West,Corporate
335,Mike Kennedy,British Columbia,West,Corporate
336,Matt Abelman,British Columbia,West,Home Office
337,Sally Matthias,British Columbia,West,Home Office
338,Steve Carroll,British Columbia,West,Consumer
339,John Castell,British Columbia,West,Consumer
340,Neil Ducich,British Columbia,West,Home Office
341,Parhena Norris,British Columbia,West,Home Office
342,Roland Black,British Columbia,West,Small Business
343,Ken Heidel,British Columbia,West,Corporate
344,Sarah Jordon,British Columbia,West,Consumer
345,John Castell,British Columbia,West,Small Business
346,Bart Watters,British Columbia,West,Corporate
347,Mary O'Rourke,British Columbia,West,Home Office
348,Nathan Cano,British Columbia,West,Consumer
349,Matt Abelman,British Columbia,West,Small Business
350,Michael Granlund,British Columbia,West,Home Office
351,Dana Kaydos,British Columbia,West,Corporate
352,Chad Sievert,British Columbia,West,Corporate
353,Hunter Lopez,British Columbia,West,Consumer
354,Nathan Mautz,British Columbia,West,Corporate
355,Shaun Weien,British Columbia,West,Home Office
356,Nathan Mautz,British Columbia,West,Home Office
357,Theone Pippenger,British Columbia,West,Corporate
358,Scott Williamson,British Columbia,West,Small Business
359,Mike Kennedy,British Columbia,West,Small Business
360,Mike Kennedy,Manitoba,Prarie,Corporate
361,Mark Cousins,Manitoba,Prarie,Corporate
362,Roland Black,Manitoba,Prarie,Small Business
363,Bart Watters,Manitoba,Prarie,Corporate
364,Matt Abelman,Manitoba,Prarie,Consumer
365,Parhena Norris,Manitoba,Prarie,Home Office
366,Theone Pippenger,Manitoba,Prarie,Corporate
367,Sally Matthias,Manitoba,Prarie,Home Office
368,Dana Kaydos,Manitoba,Prarie,Corporate
369,Sean Wendt,Manitoba,Prarie,Corporate
370,Nathan Mautz,Manitoba,Prarie,Corporate
371,Aaron Smayling,Manitoba,Prarie,Small Business
372,Charles Sheldon,Manitoba,Prarie,Corporate
373,Shaun Weien,Manitoba,Prarie,Home Office
374,Mary O'Rourke,Manitoba,Prarie,Home Office
375,Mark Cousins,Manitoba,Prarie,Home Office
376,Brad Norvell,Manitoba,Prarie,Corporate
377,Chad Sievert,Manitoba,Prarie,Corporate
378,Brian Derr,Manitoba,Prarie,Small Business
379,Neil Ducich,Manitoba,Prarie,Home Office
380,Sarah Jordon,Manitoba,Prarie,Consumer
381,Mike Kennedy,Manitoba,Prarie,Small Business
382,Michael Granlund,Manitoba,Prarie,Home Office
383,Ken Heidel,Manitoba,Prarie,Corporate
384,Art Ferguson,Manitoba,Prarie,Corporate
385,Steve Carroll,Manitoba,Prarie,Consumer
386,Nathan Mautz,Manitoba,Prarie,Home Office
387,Matt Abelman,Manitoba,Prarie,Home Office
388,Nathan Cano,Manitoba,Prarie,Consumer
389,Dennis Bolton,Manitoba,Prarie,Small Business
390,Joel Jenkins,Manitoba,Prarie,Corporate
391,Meg O'Connel,Manitoba,Prarie,Corporate
392,Hallie Redmond,Manitoba,Prarie,Home Office
393,Liz Thompson,Manitoba,Prarie,Corporate
394,Robert Waldorf,Manitoba,Prarie,Home Office
395,Helen Andreada,Manitoba,Prarie,Corporate
396,Julia Dunbar,Manitoba,Prarie,Consumer
397,Christine Sundaresam,Manitoba,Prarie,Small Business
398,Bruce Stewart,Manitoba,Prarie,Corporate
399,Guy Thornton,Manitoba,Prarie,Corporate
400,Mary Zewe,Manitoba,Prarie,Corporate
401,Ken Lonsdale,Manitoba,Prarie,Consumer
402,Maria Bertelson,Manitoba,Prarie,Home Office
403,Brian Thompson,Manitoba,Prarie,Home Office
404,Hallie Redmond,Manitoba,Prarie,Small Business
405,Jason Gross,Manitoba,Prarie,Small Business
406,Katrina Bavinger,Manitoba,Prarie,Consumer
407,Maria Bertelson,Manitoba,Prarie,Corporate
408,Ivan Gibson,Manitoba,Prarie,Corporate
409,Doug Bickford,Ontario,Ontario,Corporate
410,Liz Thompson,Ontario,Ontario,Corporate
411,Maria Bertelson,Ontario,Ontario,Home Office
412,Guy Thornton,Ontario,Ontario,Corporate
413,Bruce Stewart,Ontario,Ontario,Corporate
414,Brian Thompson,Ontario,Ontario,Home Office
415,Joseph Airdo,Ontario,Ontario,Corporate
416,Christina Vanderzanden,Ontario,Ontario,Small Business
417,Joseph Airdo,Ontario,Ontario,Consumer
418,Ken Lonsdale,Ontario,Ontario,Consumer
419,Robert Waldorf,Ontario,Ontario,Home Office
420,Katrina Bavinger,Ontario,Ontario,Consumer
421,Meg O'Connel,Ontario,Ontario,Small Business
422,Christine Sundaresam,Ontario,Ontario,Small Business
423,Lycoris Saunders,Ontario,Ontario,Home Office
424,Lycoris Saunders,Ontario,Ontario,Corporate
425,Dorothy Dickinson,Ontario,Ontario,Corporate
426,Mary Zewe,Ontario,Ontario,Corporate
427,Janet Molinari,Ontario,Ontario,Corporate
428,Julie Prescott,Ontario,Ontario,Home Office
429,Maria Bertelson,Ontario,Ontario,Corporate
430,Annie Thurman,Ontario,Ontario,Home Office
431,Meg O'Connel,Ontario,Ontario,Corporate
432,Rob Beeghly,Ontario,Ontario,Consumer
433,Ivan Gibson,Ontario,Ontario,Corporate
434,Annie Thurman,Ontario,Ontario,Consumer
435,Bill Eplett,Ontario,Ontario,Corporate
436,Doug O'Connell,Ontario,Ontario,Small Business
437,Craig Carroll,Ontario,Ontario,Corporate
438,Liz MacKendrick,Ontario,Ontario,Corporate
439,Christine Kargatis,Ontario,Ontario,Small Business
440,Bobby Odegard,Ontario,Ontario,Corporate
441,Craig Carroll,Ontario,Ontario,Small Business
442,Russell Applegate,Ontario,Ontario,Home Office
443,Bill Donatelli,Ontario,Ontario,Small Business
444,Bill Donatelli,Ontario,Ontario,Corporate
445,Duane Benoit,Ontario,Ontario,Home Office
446,Bobby Odegard,Ontario,Ontario,Consumer
447,Russell Applegate,Ontario,Ontario,Small Business
448,Joel Jenkins,Ontario,Ontario,Corporate
449,Brad Eason,Ontario,Ontario,Small Business
450,Jason Gross,Ontario,Ontario,Small Business
451,Harold Pawlan,Ontario,Ontario,Small Business
452,Adam Bellavance,Ontario,Ontario,Small Business
453,Cari Sayre,Ontario,Ontario,Home Office
454,Lisa DeCherney,Ontario,Ontario,Corporate
455,Roy Skaria,Ontario,Ontario,Corporate
456,Sean O'Donnell,Ontario,Ontario,Corporate
457,Susan Vittorini,Ontario,Ontario,Corporate
458,Sandra Glassco,Ontario,Ontario,Home Office
459,Skye Norling,Ontario,Ontario,Home Office
460,Susan Vittorini,Ontario,Ontario,Home Office
461,Shirley Schmidt,Ontario,Ontario,Corporate
462,Rick Wilson,Ontario,Ontario,Corporate
463,Rick Wilson,Ontario,Ontario,Consumer
464,Pauline Chand,Ontario,Ontario,Corporate
465,Jennifer Halladay,Ontario,Ontario,Home Office
466,Ritsa Hightower,Ontario,Ontario,Corporate
467,Joni Blumstein,Ontario,Ontario,Home Office
468,Pete Armstrong,Ontario,Ontario,Consumer
469,Pauline Chand,Ontario,Ontario,Small Business
470,Anna Gayman,Ontario,Ontario,Corporate
471,Joni Blumstein,Ontario,Ontario,Consumer
472,Nat Gilpin,Ontario,Ontario,Consumer
473,Rose O'Brian,Ontario,Ontario,Home Office
474,Becky Castell,Ontario,Ontario,Consumer
475,Daniel Raglin,Ontario,Ontario,Corporate
476,Corinna Mitchell,Ontario,Ontario,Corporate
477,Eva Jacobs,Ontario,Ontario,Home Office
478,Jas O'Carroll,Ontario,Ontario,Corporate
479,Jas O'Carroll,Ontario,Ontario,Home Office
480,Paul Prost,Ontario,Ontario,Corporate
481,Philip Brown,Ontario,Ontario,Home Office
482,Michael Nguyen,Ontario,Ontario,Small Business
483,Philip Brown,Ontario,Ontario,Corporate
484,Lisa DeCherney,Ontario,Ontario,Consumer
485,Paul MacIntyre,Ontario,Ontario,Corporate
486,Tamara Dahlen,Ontario,Ontario,Corporate
487,Erin Creighton,Ontario,Ontario,Corporate
488,Henry MacAllister,Ontario,Ontario,Small Business
489,Candace McMahon,Ontario,Ontario,Corporate
490,Tamara Chand,Ontario,Ontario,Consumer
491,Duane Huffman,Ontario,Ontario,Small Business
492,Edward Nazzal,Ontario,Ontario,Home Office
493,Kelly Lampkin,Ontario,Ontario,Corporate
494,Anthony Witt,Ontario,Ontario,Corporate
495,Ted Trevino,Ontario,Ontario,Corporate
496,Ed Ludwig,Ontario,Ontario,Consumer
497,Jeremy Ellison,Ontario,Ontario,Small Business
498,Alan Hwang,Ontario,Ontario,Corporate
499,Kelly Lampkin,Ontario,Ontario,Home Office
500,Eileen Kiefer,Ontario,Ontario,Consumer
501,James Lanier,Ontario,Ontario,Corporate
502,Edward Becker,Ontario,Ontario,Corporate
503,Gary Zandusky,Ontario,Ontario,Home Office
504,Ann Blume,Ontario,Ontario,Corporate
505,Erin Smith,Ontario,Ontario,Home Office
506,Allen Golden,Ontario,Ontario,Consumer
507,Frank Carlisle,Ontario,Ontario,Small Business
508,Gary Hansen,Ontario,Ontario,Consumer
509,Nancy Lomonaco,Ontario,Ontario,Home Office
510,Anna Haberlin,Ontario,Ontario,Corporate
511,Erin Ashbrook,Ontario,Ontario,Consumer
512,Darren Budd,Ontario,Ontario,Consumer
513,Bill Stewart,Ontario,Ontario,Corporate
514,Christine Phan,Ontario,Ontario,Small Business
515,Alan Hwang,Ontario,Ontario,Small Business
516,Darren Budd,Ontario,Ontario,Corporate
517,Eugene Hildebrand,Ontario,Ontario,Home Office
518,Edward Becker,Ontario,Ontario,Home Office
519,Melanie Page,Ontario,Ontario,Corporate
520,Jesus Ocampo,Ontario,Ontario,Small Business
521,Darren Powers,Ontario,Ontario,Corporate
522,Patrick Bzostek,Ontario,Ontario,Consumer
523,Darren Budd,Ontario,Ontario,Home Office
524,Grace Kelly,Ontario,Ontario,Consumer
525,Dan Lawera,Ontario,Ontario,Corporate
526,George Ashbrook,Ontario,Ontario,Small Business
527,Dave Hallsten,Ontario,Ontario,Home Office
528,Arthur Wiediger,Ontario,Ontario,Corporate
529,Duane Huffman,Ontario,Ontario,Consumer
530,Jim Mitchum,Ontario,Ontario,Consumer
531,Andy Yotov,Ontario,Ontario,Corporate
532,Frank Hawley,Ontario,Ontario,Home Office
533,Theresa Coyne,Ontario,Ontario,Home Office
534,Ivan Liston,Ontario,Ontario,Consumer
535,David Smith,Ontario,Ontario,Small Business
536,Naresj Patel,Ontario,Ontario,Small Business
537,Ruben Ausman,Ontario,Ontario,Corporate
538,Roy French,Ontario,Ontario,Consumer
539,Larry Hughes,Ontario,Ontario,Home Office
540,Magdelene Morse,Ontario,Ontario,Home Office
541,George Ashbrook,Ontario,Ontario,Consumer
542,Jonathan Howell,Ontario,Ontario,Consumer
543,Linda Cazamias,Ontario,Ontario,Corporate
544,Nat Carroll,Ontario,Ontario,Home Office
545,Gary Mitchum,Ontario,Ontario,Consumer
546,Matt Hagelstein,Ontario,Ontario,Home Office
547,Andy Reiter,Ontario,Ontario,Corporate
548,Mike Caudle,Ontario,Ontario,Corporate
549,Cynthia Arntzen,Ontario,Ontario,Home Office
550,Edward Nazzal,Ontario,Ontario,Small Business
551,Cynthia Arntzen,Ontario,Ontario,Small Business
552,Noah Childs,Ontario,Ontario,Home Office
553,Brian Stugart,Ontario,Ontario,Consumer
554,George Bell,Ontario,Ontario,Corporate
555,Naresj Patel,Ontario,Ontario,Corporate
556,Joni Sundaresam,Ontario,Ontario,Home Office
557,Dave Hallsten,Ontario,Ontario,Corporate
558,Michelle Huthwaite,Ontario,Ontario,Home Office
559,David Philippe,Ontario,Ontario,Consumer
560,Amy Cox,Ontario,Ontario,Corporate
561,Cari MacIntyre,Ontario,Ontario,Corporate
562,Eudokia Martin,Ontario,Ontario,Home Office
563,Fred Hopkins,Ontario,Ontario,Home Office
564,Amy Cox,Ontario,Ontario,Small Business
565,Aimee Bixby,Ontario,Ontario,Home Office
566,Anemone Ratner,Ontario,Ontario,Small Business
567,Chris Selesnick,Ontario,Ontario,Home Office
568,Noel Staavos,Ontario,Ontario,Home Office
569,Dean Braden,Ontario,Ontario,Corporate
570,Lena Creighton,Ontario,Ontario,Corporate
571,Matt Collister,Ontario,Ontario,Home Office
572,Lena Creighton,Ontario,Ontario,Home Office
573,Erica Smith,Ontario,Ontario,Small Business
574,Janet Martin,Ontario,Ontario,Corporate
575,Andrew Roberts,Ontario,Ontario,Small Business
576,Michael Dominguez,Ontario,Ontario,Home Office
577,Thomas Boland,Ontario,Ontario,Corporate
578,Olvera Toch,Ontario,Ontario,Home Office
579,Lena Radford,Ontario,Ontario,Small Business
580,Sean Christensen,Ontario,Ontario,Home Office
581,Todd Boyes,Ontario,Ontario,Consumer
582,Todd Boyes,Ontario,Ontario,Small Business
583,Sean Miller,Ontario,Ontario,Small Business
584,Phillip Breyer,Ontario,Ontario,Corporate
585,Michelle Ellison,Ontario,Ontario,Small Business
586,Michelle Ellison,Ontario,Ontario,Consumer
587,Scot Coram,Ontario,Ontario,Corporate
588,Natalie Fritzler,Ontario,Ontario,Home Office
589,Nathan Gelder,Ontario,Ontario,Home Office
590,Patricia Hirasaki,Ontario,Ontario,Home Office
591,Maria Zettner,Ontario,Ontario,Corporate
592,Matthew Clasen,Ontario,Ontario,Consumer
593,Patrick O'Donnell,Ontario,Ontario,Home Office
594,Harry Marie,Ontario,Ontario,Consumer
595,Victoria Wilson,Ontario,Ontario,Home Office
596,Shahid Collister,Ontario,Ontario,Home Office
597,Katrina Bavinger,Ontario,Ontario,Home Office
598,Michelle Ellison,Ontario,Ontario,Home Office
599,Thea Hendricks,Newfoundland,Atlantic,Home Office
600,Corey Catlett,Newfoundland,Atlantic,Home Office
601,Ed Jacobs,Newfoundland,Atlantic,Small Business
602,Noel Staavos,Newfoundland,Atlantic,Home Office
603,Keith Herrera,Newfoundland,Atlantic,Small Business
604,Carlos Meador,Newfoundland,Atlantic,Corporate
605,Corinna Mitchell,Newfoundland,Atlantic,Corporate
606,Raymond Fair,Newfoundland,Atlantic,Small Business
607,Karl Brown,Newfoundland,Atlantic,Home Office
608,Natalie Webber,Newfoundland,Atlantic,Consumer
609,Eric Barreto,Newfoundland,Atlantic,Consumer
610,Hunter Lopez,Newfoundland,Atlantic,Consumer
611,Barry Franz,Newfoundland,Atlantic,Corporate
612,Craig Yedwab,Newfoundland,Atlantic,Corporate
613,Eric Barreto,Newfoundland,Atlantic,Small Business
614,Chuck Sachs,Newfoundland,Atlantic,Consumer
615,Muhammed Lee,Newfoundland,Atlantic,Consumer
616,Karl Brown,Newfoundland,Atlantic,Corporate
617,Bobby Trafton,Newfoundland,Atlantic,Small Business
618,David Flashing,Newfoundland,Atlantic,Home Office
619,Rick Duston,Newfoundland,Atlantic,Corporate
620,Troy Staebel,Newfoundland,Atlantic,Small Business
621,Nora Paige,Newfoundland,Atlantic,Small Business
622,Amy Cox,Newfoundland,Atlantic,Small Business
623,Harold Dahlen,Newfoundland,Atlantic,Corporate
624,Jay Fine,Newfoundland,Atlantic,Consumer
625,Dan Campbell,Newfoundland,Atlantic,Corporate
626,George Zrebassa,Newfoundland,Atlantic,Home Office
627,Eleni McCrary,Newfoundland,Atlantic,Corporate
628,Frank Atkinson,Newfoundland,Atlantic,Corporate
629,Astrea Jones,Newfoundland,Atlantic,Corporate
630,Giulietta Dortch,Newfoundland,Atlantic,Consumer
631,Cathy Hwang,Newfoundland,Atlantic,Home Office
632,Damala Kotsonis,Newfoundland,Atlantic,Corporate
633,Dianna Arnett,Newfoundland,Atlantic,Home Office
634,Fred McMath,Newfoundland,Atlantic,Small Business
635,Christy Brittain,Newfoundland,Atlantic,Consumer
636,Tom Prescott,Newfoundland,Atlantic,Small Business
637,Yana Sorensen,Newfoundland,Atlantic,Corporate
638,Harold Dahlen,Newfoundland,Atlantic,Consumer
639,Brad Thomas,Newfoundland,Atlantic,Corporate
640,Cynthia Voltz,Newfoundland,Atlantic,Corporate
641,Dean Percer,Newfoundland,Atlantic,Consumer
642,Ben Peterman,Newfoundland,Atlantic,Corporate
643,Tracy Poddar,Newfoundland,Atlantic,Corporate
644,Michael Paige,Newfoundland,Atlantic,Small Business
645,Corey Roper,Newfoundland,Atlantic,Small Business
646,Maureen Gastineau,Newfoundland,Atlantic,Consumer
647,Muhammed Yedwab,Newfoundland,Atlantic,Consumer
648,Alex Grayson,Newfoundland,Atlantic,Consumer
649,Chris Cortes,Newfoundland,Atlantic,Consumer
650,Dan Campbell,Newfoundland,Atlantic,Small Business
651,Sara Luxemburg,Newfoundland,Atlantic,Small Business
652,Eric Murdock,Newfoundland,Atlantic,Home Office
653,Paul Knutson,Newfoundland,Atlantic,Corporate
654,Janet Martin,Newfoundland,Atlantic,Corporate
655,Nicole Brennan,Newfoundland,Atlantic,Consumer
656,Jennifer Patt,Newfoundland,Atlantic,Home Office
657,Elpida Rittenbach,Nova Scotia,Atlantic,Consumer
658,David Wiener,Nova Scotia,Atlantic,Consumer
659,Peter McVee,Nova Scotia,Atlantic,Small Business
660,Karen Carlisle,Nova Scotia,Atlantic,Home Office
661,Stefania Perrino,Nova Scotia,Atlantic,Corporate
662,Jay Fine,Nova Scotia,Atlantic,Consumer
663,Paul Lucas,Nova Scotia,Atlantic,Corporate
664,George Zrebassa,Nova Scotia,Atlantic,Small Business
665,George Zrebassa,Nova Scotia,Atlantic,Home Office
666,Karl Brown,Nova Scotia,Atlantic,Corporate
667,Evan Henry,Nova Scotia,Atlantic,Corporate
668,Keith Herrera,Nova Scotia,Atlantic,Small Business
669,Alyssa Tate,Nova Scotia,Atlantic,Small Business
670,Michael Stewart,Nova Scotia,Atlantic,Small Business
671,Shirley Jackson,Nova Scotia,Atlantic,Corporate
672,Barry Weirich,Nova Scotia,Atlantic,Corporate
673,Natalie Webber,Nova Scotia,Atlantic,Corporate
674,Damala Kotsonis,Nova Scotia,Atlantic,Corporate
675,Karen Carlisle,Nova Scotia,Atlantic,Corporate
676,Natalie Webber,Nova Scotia,Atlantic,Consumer
677,Katherine Murray,Nova Scotia,Atlantic,Home Office
678,Hunter Lopez,Nova Scotia,Atlantic,Consumer
679,Eric Barreto,Nova Scotia,Atlantic,Small Business
680,Barry Franz,Nova Scotia,Atlantic,Corporate
681,Fred McMath,Nova Scotia,Atlantic,Small Business
682,Berenike Kampe,Nova Scotia,Atlantic,Corporate
683,Dean Percer,Nova Scotia,Atlantic,Home Office
684,Muhammed Lee,Nova Scotia,Atlantic,Consumer
685,Noel Staavos,Nova Scotia,Atlantic,Home Office
686,Bobby Trafton,Nova Scotia,Atlantic,Small Business
687,Rick Duston,Nova Scotia,Atlantic,Corporate
688,Karl Brown,Nova Scotia,Atlantic,Home Office
689,Erica Hernandez,Nova Scotia,Atlantic,Small Business
690,Tony Molinari,Nova Scotia,Atlantic,Corporate
691,Elizabeth Moffitt,Nova Scotia,Atlantic,Consumer
692,Harold Dahlen,Nova Scotia,Atlantic,Corporate
693,David Flashing,Nova Scotia,Atlantic,Home Office
694,David Flashing,Nova Scotia,Atlantic,Consumer
695,Deanra Eno,Nova Scotia,Atlantic,Corporate
696,Chuck Sachs,Nova Scotia,Atlantic,Consumer
697,Chris Cortes,Nova Scotia,Atlantic,Consumer
698,Raymond Fair,Nova Scotia,Atlantic,Small Business
699,Bobby Trafton,Nova Scotia,Atlantic,Corporate
700,Mark Packer,Nova Scotia,Atlantic,Small Business
701,Ann Blume,Nova Scotia,Atlantic,Small Business
702,Alan Shonely,Nova Scotia,Atlantic,Small Business
703,Nora Paige,Nova Scotia,Atlantic,Small Business
704,Frank Atkinson,Nova Scotia,Atlantic,Corporate
705,Katrina Willman,Nova Scotia,Atlantic,Consumer
706,Janet Martin,Nova Scotia,Atlantic,Corporate
707,Anthony Garverick,Nova Scotia,Atlantic,Small Business
708,Aaron Hawkins,Nova Scotia,Atlantic,Home Office
709,Giulietta Dortch,Nova Scotia,Atlantic,Consumer
710,Carlos Meador,Nova Scotia,Atlantic,Corporate
711,Dave Poirier,Nova Scotia,Atlantic,Small Business
712,Christy Brittain,Nova Scotia,Atlantic,Consumer
713,Troy Staebel,Nova Scotia,Atlantic,Small Business
714,Bradley Drucker,Nova Scotia,Atlantic,Small Business
715,Mark Haberlin,Nova Scotia,Atlantic,Small Business
716,Brad Thomas,Nova Scotia,Atlantic,Home Office
717,Brad Thomas,Nova Scotia,Atlantic,Corporate
718,Eleni McCrary,Nova Scotia,Atlantic,Corporate
719,Brendan Murry,Nova Scotia,Atlantic,Corporate
720,Paul Knutson,Nova Scotia,Atlantic,Corporate
721,Emily Burns,Nova Scotia,Atlantic,Home Office
722,Maureen Gastineau,Nova Scotia,Atlantic,Consumer
723,Alex Grayson,Nova Scotia,Atlantic,Consumer
724,Michael Oakman,Nova Scotia,Atlantic,Small Business
725,Deborah Brumfield,Nova Scotia,Atlantic,Small Business
726,Dianna Arnett,Nova Scotia,Atlantic,Home Office
727,Amy Cox,Nova Scotia,Atlantic,Small Business
728,Sara Luxemburg,Nova Scotia,Atlantic,Small Business
729,Robert Barroso,Nova Scotia,Atlantic,Small Business
730,Darrin Sayre,Nova Scotia,Atlantic,Consumer
731,Deborah Brumfield,Nova Scotia,Atlantic,Corporate
732,Eleni McCrary,Nova Scotia,Atlantic,Home Office
733,Michael Kennedy,Nova Scotia,Atlantic,Corporate
734,Marc Crier,Nova Scotia,Atlantic,Corporate
735,Bobby Elias,Nova Scotia,Atlantic,Small Business
736,Joni Wasserman,Nova Scotia,Atlantic,Consumer
737,Karen Ferguson,Nova Scotia,Atlantic,Home Office
738,Nicole Brennan,Nova Scotia,Atlantic,Consumer
739,Giulietta Dortch,Nova Scotia,Atlantic,Corporate
740,Bradley Talbott,Nova Scotia,Atlantic,Small Business
741,Bradley Talbott,Nova Scotia,Atlantic,Corporate
742,Brian Stugart,Nova Scotia,Atlantic,Corporate
743,Julia Barnett,Nova Scotia,Atlantic,Corporate
744,Emily Phan,Nova Scotia,Atlantic,Consumer
745,Liz Willingham,Nova Scotia,Atlantic,Home Office
746,Craig Yedwab,Nova Scotia,Atlantic,Corporate
747,Andy Reiter,Nova Scotia,Atlantic,Corporate
748,Ben Peterman,Nova Scotia,Atlantic,Corporate
749,Denise Leinenbach,Nova Scotia,Atlantic,Home Office
750,Bill Tyler,Nova Scotia,Atlantic,Consumer
751,Denise Leinenbach,Nova Scotia,Atlantic,Corporate
752,Debra Catini,Nova Scotia,Atlantic,Small Business
753,Ann Blume,Nova Scotia,Atlantic,Corporate
754,Becky Martin,Nova Scotia,Atlantic,Home Office
755,Eric Barreto,Nova Scotia,Atlantic,Consumer
756,Astrea Jones,Nova Scotia,Atlantic,Corporate
757,Corey Catlett,Nova Scotia,Atlantic,Home Office
758,Benjamin Venier,Nova Scotia,Atlantic,Small Business
759,Nora Paige,Nova Scotia,Atlantic,Consumer
760,Tracy Poddar,Nova Scotia,Atlantic,Corporate
761,Bill Shonely,Nova Scotia,Atlantic,Small Business
762,Craig Yedwab,Nova Scotia,Atlantic,Consumer
763,Pierre Wener,Nova Scotia,Atlantic,Home Office
764,Dan Campbell,Nova Scotia,Atlantic,Corporate
765,Michael Paige,Nova Scotia,Atlantic,Small Business
766,Cathy Hwang,Nova Scotia,Atlantic,Home Office
767,Sylvia Foulston,Nova Scotia,Atlantic,Corporate
768,Dan Campbell,Nova Scotia,Atlantic,Small Business
769,Julie Kriz,Nova Scotia,Atlantic,Corporate
770,Sylvia Foulston,Nova Scotia,Atlantic,Consumer
771,Muhammed Yedwab,Nova Scotia,Atlantic,Consumer
772,Jennifer Patt,Nova Scotia,Atlantic,Home Office
773,David Kendrick,Nova Scotia,Atlantic,Home Office
774,Doug Jacobs,Nova Scotia,Atlantic,Home Office
775,Luke Foster,Nova Scotia,Atlantic,Corporate
776,Brian Stugart,Nova Scotia,Atlantic,Consumer
777,Sara Luxemburg,Nova Scotia,Atlantic,Corporate
778,Dianna Wilson,Nova Scotia,Atlantic,Small Business
779,David Smith,Nova Scotia,Atlantic,Small Business
780,Michelle Tran,Quebec,Quebec,Consumer
781,Dave Hallsten,Quebec,Quebec,Corporate
782,Sanjit Jacobs,Quebec,Quebec,Consumer
783,Barry Gonzalez,Quebec,Quebec,Consumer
784,Vivian Mathis,Quebec,Quebec,Corporate
785,Vivian Mathis,Quebec,Quebec,Home Office
786,Carol Adams,Quebec,Quebec,Corporate
787,Vivek Gonzalez,Quebec,Quebec,Consumer
788,Bradley Nguyen,Quebec,Quebec,Consumer
789,Matt Collister,Quebec,Quebec,Home Office
790,Vivian Mathis,Quebec,Quebec,Consumer
791,Michelle Tran,Quebec,Quebec,Corporate
792,Pete Takahito,Quebec,Quebec,Corporate
793,Ralph Arnett,Quebec,Quebec,Consumer
794,Jason Klamczynski,Quebec,Quebec,Small Business
795,Michelle Tran,Quebec,Quebec,Home Office
796,Greg Tran,Quebec,Quebec,Home Office
797,Gene McClure,Quebec,Quebec,Home Office
798,Helen Wasserman,Quebec,Quebec,Home Office
799,Helen Wasserman,Quebec,Quebec,Corporate
800,Ross DeVincentis,Quebec,Quebec,Corporate
801,Jason Klamczynski,Quebec,Quebec,Home Office
802,Valerie Mitchum,Quebec,Quebec,Home Office
803,Dave Hallsten,Quebec,Quebec,Home Office
804,Bradley Nguyen,Quebec,Quebec,Corporate
805,Barry Gonzalez,Quebec,Quebec,Small Business
806,Bart Pistole,Quebec,Quebec,Consumer
807,Chad McGuire,Quebec,Quebec,Small Business
808,Scott Cohen,Quebec,Quebec,Consumer
809,Gene McClure,Quebec,Quebec,Consumer
810,Vivek Sundaresam,Quebec,Quebec,Home Office
811,Natalie DeCherney,Quebec,Quebec,Consumer
812,Michelle Huthwaite,Quebec,Quebec,Home Office
813,Cynthia Delaney,Quebec,Quebec,Corporate
814,Tom Stivers,Quebec,Quebec,Corporate
815,Rick Reed,Quebec,Quebec,Consumer
816,Gary McGarr,Quebec,Quebec,Home Office
817,Cynthia Delaney,Quebec,Quebec,Home Office
818,Tom Stivers,Quebec,Quebec,Small Business
819,Bart Pistole,Quebec,Quebec,Home Office
820,Darren Budd,Quebec,Quebec,Corporate
821,Liz Willingham,Quebec,Quebec,Home Office
822,Stefania Perrino,Quebec,Quebec,Corporate
823,Thea Hendricks,Quebec,Quebec,Home Office
824,Grant Thornton,Quebec,Quebec,Corporate
825,Carlos Meador,Quebec,Quebec,Consumer
826,Carlos Meador,Quebec,Quebec,Corporate
827,Doug Jacobs,Quebec,Quebec,Home Office
828,Becky Martin,Quebec,Quebec,Home Office
829,Speros Goranitis,Quebec,Quebec,Corporate
830,Katherine Murray,Quebec,Quebec,Home Office
831,Michael Paige,Quebec,Quebec,Small Business
832,Robert Barroso,Quebec,Quebec,Small Business
833,Dean Percer,Quebec,Quebec,Home Office
834,Ann Blume,Quebec,Quebec,Small Business
835,Damala Kotsonis,Quebec,Quebec,Corporate
836,Paul Knutson,Quebec,Quebec,Corporate
837,George Zrebassa,Quebec,Quebec,Home Office
838,Noel Staavos,Quebec,Quebec,Home Office
839,Aaron Hawkins,Quebec,Quebec,Home Office
840,Ellis Ballard,Quebec,Quebec,Corporate
841,Tom Prescott,Quebec,Quebec,Small Business
842,Dianna Arnett,Quebec,Quebec,Home Office
843,Chuck Sachs,Quebec,Quebec,Consumer
844,Bill Shonely,Quebec,Quebec,Small Business
845,Eric Barreto,Quebec,Quebec,Consumer
846,Dave Poirier,Quebec,Quebec,Small Business
847,David Flashing,Quebec,Quebec,Home Office
848,Elizabeth Moffitt,Quebec,Quebec,Consumer
849,Ben Peterman,Quebec,Quebec,Corporate
850,Brad Thomas,Quebec,Quebec,Home Office
851,Yana Sorensen,Quebec,Quebec,Corporate
852,Janet Martin,Quebec,Quebec,Corporate
853,Debra Catini,Quebec,Quebec,Small Business
854,Dan Campbell,Quebec,Quebec,Small Business
855,Sylvia Foulston,Quebec,Quebec,Corporate
856,Alex Grayson,Quebec,Quebec,Consumer
857,Barry Franz,Quebec,Quebec,Corporate
858,Anthony Garverick,Quebec,Quebec,Small Business
859,Astrea Jones,Quebec,Quebec,Corporate
860,Cathy Hwang,Quebec,Quebec,Home Office
861,Deborah Brumfield,Quebec,Quebec,Corporate
862,Frank Atkinson,Quebec,Quebec,Corporate
863,Julie Kriz,Quebec,Quebec,Corporate
864,Erica Hernandez,Quebec,Quebec,Small Business
865,Bobby Elias,Quebec,Quebec,Small Business
866,Joni Wasserman,Quebec,Quebec,Consumer
867,Jennifer Patt,Quebec,Quebec,Home Office
868,Dianna Wilson,Quebec,Quebec,Small Business
869,Emily Phan,Quebec,Quebec,Consumer
870,Karl Brown,Quebec,Quebec,Home Office
871,Maribeth Dona,Quebec,Quebec,Home Office
872,Evan Henry,Quebec,Quebec,Corporate
873,Bill Tyler,Quebec,Quebec,Consumer
874,Denise Leinenbach,Quebec,Quebec,Home Office
875,Michael Stewart,Quebec,Quebec,Small Business
876,Corinna Mitchell,Quebec,Quebec,Corporate
877,Michael Kennedy,Quebec,Quebec,Corporate
878,Alan Shonely,Quebec,Quebec,Small Business
879,Shirley Jackson,Quebec,Quebec,Corporate
880,Fred McMath,Quebec,Quebec,Small Business
881,Andy Reiter,Quebec,Quebec,Corporate
882,Karl Brown,Quebec,Quebec,Corporate
883,Muhammed Lee,Quebec,Quebec,Consumer
884,Pierre Wener,Quebec,Quebec,Home Office
885,Paul Lucas,Quebec,Quebec,Corporate
886,Benjamin Venier,Quebec,Quebec,Small Business
887,Harold Dahlen,Quebec,Quebec,Corporate
888,Eric Barreto,Quebec,Quebec,Small Business
889,Troy Staebel,Quebec,Quebec,Small Business
890,Tracy Poddar,Quebec,Quebec,Corporate
891,Bobby Trafton,Quebec,Quebec,Corporate
892,Tony Molinari,Quebec,Quebec,Corporate
893,Rick Duston,Quebec,Quebec,Corporate
894,Brendan Murry,Quebec,Quebec,Corporate
895,Christy Brittain,Quebec,Quebec,Consumer
896,Craig Yedwab,Quebec,Quebec,Consumer
897,Bobby Trafton,Quebec,Quebec,Small Business
898,Katrina Willman,Quebec,Quebec,Consumer
899,Giulietta Dortch,Quebec,Quebec,Consumer
900,Peter McVee,Quebec,Quebec,Small Business
901,Corey Lock,Quebec,Quebec,Home Office
902,Bradley Drucker,Quebec,Quebec,Small Business
903,Darrin Sayre,Quebec,Quebec,Consumer
904,Deanra Eno,Quebec,Quebec,Corporate
905,Brad Thomas,Quebec,Quebec,Corporate
906,Mark Packer,Quebec,Quebec,Small Business
907,Eleni McCrary,Quebec,Quebec,Corporate
908,Bart Folk,Quebec,Quebec,Corporate
909,Dean Percer,Quebec,Quebec,Consumer
910,Sylvia Foulston,Quebec,Quebec,Home Office
911,Sara Luxemburg,Quebec,Quebec,Small Business
912,Keith Herrera,Quebec,Quebec,Corporate
913,Keith Herrera,Quebec,Quebec,Small Business
914,Cynthia Voltz,Quebec,Quebec,Corporate
915,Michael Oakman,Quebec,Quebec,Small Business
916,David Kendrick,Quebec,Quebec,Home Office
917,Nicole Brennan,Quebec,Quebec,Home Office
918,Brian Stugart,Quebec,Quebec,Consumer
919,Karen Ferguson,Quebec,Quebec,Home Office
920,Mark Haberlin,Quebec,Quebec,Small Business
921,Giulietta Dortch,Quebec,Quebec,Corporate
922,Deborah Brumfield,Quebec,Quebec,Small Business
923,Maureen Gastineau,Quebec,Quebec,Consumer
924,Julia Barnett,Quebec,Quebec,Corporate
925,Anne Pryor,Quebec,Quebec,Consumer
926,Justin Hirsh,Quebec,Quebec,Consumer
927,Dorris Love,Quebec,Quebec,Home Office
928,Bill Eplett,Quebec,Quebec,Corporate
929,Caroline Jumper,Quebec,Quebec,Corporate
930,Pamela Stobb,Quebec,Quebec,Consumer
931,Aaron Smayling,Quebec,Quebec,Small Business
932,Jasper Cacioppo,Quebec,Quebec,Home Office
933,Alan Haines,Quebec,Quebec,Consumer
934,Logan Haushalter,Quebec,Quebec,Corporate
935,Lena Cacioppo,Quebec,Quebec,Home Office
936,Deirdre Greer,Quebec,Quebec,Home Office
937,John Stevenson,Quebec,Quebec,Small Business
938,Sheri Gordon,Quebec,Quebec,Corporate
939,Ben Wallace,Quebec,Quebec,Home Office
940,Max Engle,Quebec,Quebec,Corporate
941,Fred Chung,Quebec,Quebec,Corporate
942,Dennis Kane,Quebec,Quebec,Small Business
943,Phillip Flathmann,Quebec,Quebec,Small Business
944,Mathew Reese,Quebec,Quebec,Small Business
945,Stuart Van,Quebec,Quebec,Consumer
946,Brenda Bowman,Quebec,Quebec,Small Business
947,Daniel Lacy,Quebec,Quebec,Small Business
948,Jennifer Ferguson,Quebec,Quebec,Corporate
949,Theresa Swint,Quebec,Quebec,Consumer
950,Alan Haines,Quebec,Quebec,Home Office
951,Katherine Nockton,Quebec,Quebec,Home Office
952,Stewart Visinsky,Quebec,Quebec,Corporate
953,Jeremy Farry,Quebec,Quebec,Small Business
954,Clay Ludtke,Quebec,Quebec,Consumer
955,Laurel Elliston,Quebec,Quebec,Corporate
956,Katherine Nockton,Quebec,Quebec,Corporate
957,Theresa Swint,Quebec,Quebec,Small Business
958,Jeremy Lonsdale,Quebec,Quebec,Corporate
959,Mitch Webber,Quebec,Quebec,Corporate
960,Shirley Schmidt,Quebec,Quebec,Corporate
961,Carol Triggs,Quebec,Quebec,Home Office
962,Justin MacKendrick,Quebec,Quebec,Corporate
963,Jennifer Ferguson,Quebec,Quebec,Home Office
964,Sarah Brown,Quebec,Quebec,Consumer
965,Anne Pryor,Quebec,Quebec,Home Office
966,Tony Sayre,Quebec,Quebec,Small Business
967,Karen Ferguson,Quebec,Quebec,Corporate
968,Dionis Lloyd,Quebec,Quebec,Small Business
969,Carol Triggs,Quebec,Quebec,Corporate
970,Lindsay Castell,Quebec,Quebec,Small Business
971,Michael Chen,Quebec,Quebec,Consumer
972,Tony Sayre,Quebec,Quebec,Home Office
973,Theresa Swint,Quebec,Quebec,Home Office
974,Dorris Love,Quebec,Quebec,Corporate
975,Laurel Elliston,Quebec,Quebec,Home Office
976,Toby Carlisle,Quebec,Quebec,Home Office
977,Ted Butterfield,Quebec,Quebec,Corporate
978,Nora Price,Quebec,Quebec,Home Office
979,Liz Willingham,Quebec,Quebec,Corporate
980,Lindsay Castell,Quebec,Quebec,Corporate
981,Anne Pryor,Quebec,Quebec,Corporate
982,Nora Price,Quebec,Quebec,Small Business
983,Muhammed Yedwab,Quebec,Quebec,Consumer
984,Brenda Bowman,Quebec,Quebec,Home Office
985,Kimberly Carter,Quebec,Quebec,Small Business
986,Brian Thompson,Quebec,Quebec,Home Office
987,Kimberly Carter,Quebec,Quebec,Home Office
988,Shirley Daniels,Quebec,Quebec,Corporate
989,Arthur Gainer,Quebec,Quebec,Corporate
990,Tracy Poddar,Ontario,Ontario,Corporate
991,Stuart Calhoun,Ontario,Ontario,Consumer
992,Arthur Prichep,Ontario,Ontario,Home Office
993,Kean Nguyen,Ontario,Ontario,Corporate
994,Jim Kriz,Ontario,Ontario,Consumer
995,Harold Ryan,Ontario,Ontario,Home Office
996,John Lucas,Ontario,Ontario,Corporate
997,Alejandro Grove,Ontario,Ontario,Corporate
998,Sam Zeldin,Ontario,Ontario,Small Business
999,Sally Hughsby,Ontario,Ontario,Consumer
1000,Jane Waco,Ontario,Ontario,Corporate
1001,Sandra Flanagan,Ontario,Ontario,Home Office
1002,Steve Nguyen,Ontario,Ontario,Consumer
1003,Herbert Flentye,Ontario,Ontario,Small Business
1004,Sandra Flanagan,Ontario,Ontario,Corporate
1005,Liz Willingham,Ontario,Ontario,Home Office
1006,Xylona Price,Ontario,Ontario,Corporate
1007,John Lucas,Ontario,Ontario,Small Business
1008,Bill Overfelt,Ontario,Ontario,Corporate
1009,John Grady,Ontario,Ontario,Corporate
1010,Robert Marley,Ontario,Ontario,Corporate
1011,Mick Hernandez,Ontario,Ontario,Home Office
1012,Guy Phonely,Ontario,Ontario,Corporate
1013,Jay Kimmel,Ontario,Ontario,Small Business
1014,Matt Connell,Ontario,Ontario,Corporate
1015,Steve Nguyen,Ontario,Ontario,Small Business
1016,Vivek Grady,Ontario,Ontario,Home Office
1017,Ben Ferrer,Ontario,Ontario,Corporate
1018,Karen Daniels,Ontario,Ontario,Consumer
1019,Pamela Coakley,Ontario,Ontario,Corporate
1020,Katherine Nockton,Ontario,Ontario,Home Office
1021,Denny Blanton,Ontario,Ontario,Home Office
1022,Katherine Nockton,Ontario,Ontario,Corporate
1023,Kean Nguyen,Ontario,Ontario,Small Business
1024,Laura Armstrong,Ontario,Ontario,Small Business
1025,Vivek Grady,Ontario,Ontario,Corporate
1026,Lindsay Shagiari,Ontario,Ontario,Home Office
1027,Cathy Prescott,Ontario,Ontario,Corporate
1028,Liz Willingham,Ontario,Ontario,Corporate
1029,Stephanie Ulpright,Ontario,Ontario,Consumer
1030,Odella Nelson,Ontario,Ontario,Small Business
1031,Sally Hughsby,Ontario,Ontario,Home Office
1032,Arthur Prichep,Ontario,Ontario,Small Business
1033,Ryan Akin,Ontario,Ontario,Consumer
1034,Scott Cohen,Ontario,Ontario,Consumer
1035,Todd Sumrall,Ontario,Ontario,Consumer
1036,Alejandro Grove,Ontario,Ontario,Consumer
1037,Tony Chapman,Ontario,Ontario,Consumer
1038,John Castell,Ontario,Ontario,Small Business
1039,Sarah Foster,Ontario,Ontario,Corporate
1040,Laura Armstrong,Ontario,Ontario,Corporate
1041,John Castell,Ontario,Ontario,Consumer
1042,Greg Hansen,Ontario,Ontario,Home Office
1043,Darrin Martin,Ontario,Ontario,Small Business
1044,Ken Brennan,Ontario,Ontario,Consumer
1045,Max Jones,Ontario,Ontario,Home Office
1046,Ken Brennan,Ontario,Ontario,Home Office
1047,Joe Kamberova,Ontario,Ontario,Small Business
1048,Barry Franz,Ontario,Ontario,Corporate
1049,Filia McAdams,Ontario,Ontario,Small Business
1050,Maureen Fritzler,Ontario,Ontario,Corporate
1051,Dennis Bolton,Ontario,Ontario,Small Business
1052,Art Foster,Ontario,Ontario,Home Office
1053,Erica Hackney,Ontario,Ontario,Small Business
1054,Don Weiss,Ontario,Ontario,Corporate
1055,Jessica Myrick,Ontario,Ontario,Small Business
1056,Bruce Degenhardt,Ontario,Ontario,Home Office
1057,Jenna Caffey,Ontario,Ontario,Consumer
1058,Kalyca Meade,Ontario,Ontario,Corporate
1059,Troy Blackwell,Ontario,Ontario,Home Office
1060,Clytie Kelty,Ontario,Ontario,Small Business
1061,Mark Cousins,Ontario,Ontario,Home Office
1062,Jim Sink,Ontario,Ontario,Corporate
1063,Steven Roelle,Ontario,Ontario,Small Business
1064,Fred Wasserman,Ontario,Ontario,Home Office
1065,Beth Thompson,Ontario,Ontario,Corporate
1066,Pete Takahito,Ontario,Ontario,Corporate
1067,Rob Haberlin,Ontario,Ontario,Consumer
1068,Rob Haberlin,Ontario,Ontario,Corporate
1069,Hallie Redmond,Ontario,Ontario,Home Office
1070,Katrina Willman,Ontario,Ontario,Consumer
1071,Benjamin Patterson,Ontario,Ontario,Corporate
1072,Mark Cousins,Ontario,Ontario,Corporate
1073,Gene McClure,Ontario,Ontario,Consumer
1074,Denny Joy,Ontario,Ontario,Corporate
1075,Hallie Redmond,Ontario,Ontario,Small Business
1076,Amy Cox,Ontario,Ontario,Home Office
1077,Kristen Hastings,Ontario,Ontario,Small Business
1078,Kristen Hastings,Ontario,Ontario,Corporate
1079,Benjamin Venier,Ontario,Ontario,Small Business
1080,Katherine Murray,Ontario,Ontario,Home Office
1081,Alan Schoenberger,Ontario,Ontario,Corporate
1082,Mark Packer,Ontario,Ontario,Small Business
1083,Eric Barreto,Ontario,Ontario,Small Business
1084,Karl Brown,Ontario,Ontario,Corporate
1085,Karl Brown,Ontario,Ontario,Home Office
1086,Ben Peterman,Ontario,Ontario,Corporate
1087,Dave Poirier,Ontario,Ontario,Small Business
1088,Aaron Hawkins,Ontario,Ontario,Home Office
1089,Rick Duston,Ontario,Ontario,Corporate
1090,Alex Grayson,Ontario,Ontario,Consumer
1091,Dianna Wilson,Ontario,Ontario,Small Business
1092,Erica Hernandez,Ontario,Ontario,Small Business
1093,Christy Brittain,Ontario,Ontario,Consumer
1094,David Kendrick,Ontario,Ontario,Home Office
1095,Paul Lucas,Ontario,Ontario,Corporate
1096,Raymond Fair,Ontario,Ontario,Small Business
1097,Debra Catini,Ontario,Ontario,Small Business
1098,Fred McMath,Ontario,Ontario,Small Business
1099,Astrea Jones,Ontario,Ontario,Corporate
1100,Troy Staebel,Ontario,Ontario,Small Business
1101,Alejandro Savely,Ontario,Ontario,Corporate
1102,Chris Cortes,Ontario,Ontario,Consumer
1103,Craig Yedwab,Ontario,Ontario,Consumer
1104,Alan Shonely,Ontario,Ontario,Small Business
1105,Becky Martin,Ontario,Ontario,Home Office
1106,Tony Molinari,Ontario,Ontario,Corporate
1107,Stefania Perrino,Ontario,Ontario,Corporate
1108,Hunter Lopez,Ontario,Ontario,Consumer
1109,Dianna Arnett,Ontario,Ontario,Home Office
1110,Giulietta Dortch,Ontario,Ontario,Corporate
1111,Michael Kennedy,Ontario,Ontario,Corporate
1112,Eleni McCrary,Ontario,Ontario,Home Office
1113,Eleni McCrary,Ontario,Ontario,Corporate
1114,George Zrebassa,Ontario,Ontario,Home Office
1115,Deanra Eno,Ontario,Ontario,Corporate
1116,Sara Luxemburg,Ontario,Ontario,Small Business
1117,Pierre Wener,Ontario,Ontario,Home Office
1118,Eric Barreto,Ontario,Ontario,Consumer
1119,Dan Campbell,Ontario,Ontario,Small Business
1120,Paul Knutson,Ontario,Ontario,Corporate
1121,Jennifer Patt,Ontario,Ontario,Home Office
1122,Chuck Sachs,Ontario,Ontario,Consumer
1123,Denise Leinenbach,Ontario,Ontario,Home Office
1124,Cathy Hwang,Ontario,Ontario,Home Office
1125,Evan Henry,Ontario,Ontario,Corporate
1126,Carlos Meador,Ontario,Ontario,Corporate
1127,Bobby Elias,Ontario,Ontario,Small Business
1128,Kean Thornton,Ontario,Ontario,Corporate
1129,Brian Stugart,Ontario,Ontario,Corporate
1130,Grant Donatelli,Ontario,Ontario,Consumer
1131,Jason Fortune,Ontario,Ontario,Corporate
1132,Dave Brooks,Ontario,Ontario,Corporate
1133,Jim Karlsson,Ontario,Ontario,Small Business
1134,Philip Fox,Ontario,Ontario,Home Office
1135,Grant Carroll,Ontario,Ontario,Corporate
1136,Grant Carroll,Ontario,Ontario,Small Business
1137,Ionia McGrath,New Brunswick,Atlantic,Home Office
1138,Lori Olson,New Brunswick,Atlantic,Consumer
1139,Quincy Jones,New Brunswick,Atlantic,Home Office
1140,Patrick Jones,New Brunswick,Atlantic,Home Office
1141,Ionia McGrath,New Brunswick,Atlantic,Small Business
1142,Nathan Mautz,New Brunswick,Atlantic,Corporate
1143,Nathan Mautz,New Brunswick,Atlantic,Home Office
1144,Karen Seio,New Brunswick,Atlantic,Consumer
1145,Ken Lonsdale,New Brunswick,Atlantic,Consumer
1146,Patrick Gardner,New Brunswick,Atlantic,Consumer
1147,Quincy Jones,New Brunswick,Atlantic,Corporate
1148,Nona Balk,New Brunswick,Atlantic,Corporate
1149,Erin Mull,New Brunswick,Atlantic,Small Business
1150,John Lee,New Brunswick,Atlantic,Corporate
1151,Emily Phan,New Brunswick,Atlantic,Consumer
1152,Erin Mull,New Brunswick,Atlantic,Corporate
1153,Justin Deggeller,New Brunswick,Atlantic,Corporate
1154,Tony Sayre,New Brunswick,Atlantic,Home Office
1155,Keith Dawkins,Manitoba,Prarie,Home Office
1156,Joe Elijah,Manitoba,Prarie,Home Office
1157,Sheri Gordon,Manitoba,Prarie,Corporate
1158,Stefanie Holloman,Manitoba,Prarie,Small Business
1159,Ken Black,Manitoba,Prarie,Consumer
1160,Lindsay Williams,Manitoba,Prarie,Corporate
1161,Logan Currie,Manitoba,Prarie,Small Business
1162,Steve Chapman,Manitoba,Prarie,Corporate
1163,Marc Crier,Manitoba,Prarie,Corporate
1164,Dave Brooks,Manitoba,Prarie,Corporate
1165,Deborah Brumfield,Manitoba,Prarie,Corporate
1166,Scot Wooten,Manitoba,Prarie,Corporate
1167,Nicole Brennan,Manitoba,Prarie,Consumer
1168,John Lee,Manitoba,Prarie,Corporate
1169,Denise Monton,Manitoba,Prarie,Home Office
1170,Deborah Brumfield,Manitoba,Prarie,Small Business
1171,Marc Crier,Manitoba,Prarie,Consumer
1172,Cynthia Delaney,Manitoba,Prarie,Corporate
1173,Ed Braxton,Manitoba,Prarie,Home Office
1174,Ed Braxton,Manitoba,Prarie,Consumer
1175,Phillip Flathmann,Manitoba,Prarie,Small Business
1176,Corey Catlett,Manitoba,Prarie,Home Office
1177,Valerie Takahito,Manitoba,Prarie,Consumer
1178,Penelope Sewall,Manitoba,Prarie,Home Office
1179,Sean Braxton,Manitoba,Prarie,Small Business
1180,Valerie Dominguez,Manitoba,Prarie,Corporate
1181,Susan MacKendrick,Manitoba,Prarie,Corporate
1182,Thais Sissman,Manitoba,Prarie,Corporate
1183,Tanja Norvell,Manitoba,Prarie,Consumer
1184,Linda Southworth,Manitoba,Prarie,Consumer
1185,Michael Moore,Manitoba,Prarie,Corporate
1186,Patrick Ryan,Manitoba,Prarie,Corporate
1187,Troy Blackwell,Manitoba,Prarie,Home Office
1188,Thais Sissman,Manitoba,Prarie,Small Business
1189,Ross Baird,Manitoba,Prarie,Corporate
1190,Tracy Zic,Manitoba,Prarie,Consumer
1191,Jack Garza,Manitoba,Prarie,Corporate
1192,Gary McGarr,Manitoba,Prarie,Home Office
1193,Mick Crebagga,Manitoba,Prarie,Home Office
1194,Roy Skaria,Manitoba,Prarie,Corporate
1195,Steven Ward,Manitoba,Prarie,Consumer
1196,Tanja Norvell,Manitoba,Prarie,Corporate
1197,Ryan Crowe,Manitoba,Prarie,Small Business
1198,Irene Maddox,Manitoba,Prarie,Consumer
1199,Nick Radford,Manitoba,Prarie,Corporate
1200,Theresa Swint,Manitoba,Prarie,Consumer
1201,Maurice Satty,Manitoba,Prarie,Corporate
1202,Henry Goldwyn,Manitoba,Prarie,Small Business
1203,Victor Price,Manitoba,Prarie,Consumer
1204,Maureen Grace,Manitoba,Prarie,Corporate
1205,Eric Hoffmann,Manitoba,Prarie,Small Business
1206,Jill Stevenson,Manitoba,Prarie,Consumer
1207,Evan Bailliet,Manitoba,Prarie,Corporate
1208,Meg Tillman,Manitoba,Prarie,Small Business
1209,Russell D'Ascenzo,Manitoba,Prarie,Consumer
1210,Gary Hwang,Manitoba,Prarie,Home Office
1211,Joseph Airdo,Manitoba,Prarie,Consumer
1212,Emily Ducich,Manitoba,Prarie,Consumer
1213,Stewart Visinsky,Manitoba,Prarie,Corporate
1214,Steven Cartwright,Manitoba,Prarie,Home Office
1215,Sue Ann Reed,Manitoba,Prarie,Consumer
1216,Sanjit Engle,Manitoba,Prarie,Home Office
1217,Katherine Ducich,Manitoba,Prarie,Corporate
1218,Mike Gockenbach,Manitoba,Prarie,Consumer
1219,Tom Zandusky,Manitoba,Prarie,Home Office
1220,Denny Joy,Manitoba,Prarie,Corporate
1221,Henia Zydlo,Manitoba,Prarie,Home Office
1222,Tracy Collins,Manitoba,Prarie,Consumer
1223,Natalie Webber,Manitoba,Prarie,Consumer
1224,Toby Knight,Manitoba,Prarie,Consumer
1225,Maria Zettner,Manitoba,Prarie,Corporate
1226,Thea Hudgings,Manitoba,Prarie,Consumer
1227,Natalie Webber,Manitoba,Prarie,Corporate
1228,Nora Pelletier,Manitoba,Prarie,Corporate
1229,Matthew Clasen,Manitoba,Prarie,Consumer
1230,Nora Pelletier,Manitoba,Prarie,Home Office
1231,Mick Crebagga,Manitoba,Prarie,Corporate
1232,Jamie Frazer,Manitoba,Prarie,Small Business
1233,Michael Oakman,Manitoba,Prarie,Small Business
1234,Joseph Airdo,Manitoba,Prarie,Corporate
1235,Tracy Collins,Manitoba,Prarie,Corporate
1236,Rachel Payne,Manitoba,Prarie,Consumer
1237,Craig Molinari,Manitoba,Prarie,Small Business
1238,Joy Daniels,Manitoba,Prarie,Corporate
1239,Jill Fjeld,Manitoba,Prarie,Home Office
1240,Gene McClure,Manitoba,Prarie,Consumer
1241,Rick Bensley,Manitoba,Prarie,Consumer
1242,Thomas Brumley,Manitoba,Prarie,Consumer
1243,Darrin Martin,Manitoba,Prarie,Small Business
1244,Julie Kriz,Manitoba,Prarie,Corporate
1245,Russell Applegate,Manitoba,Prarie,Small Business
1246,Eric Barreto,Manitoba,Prarie,Small Business
1247,Gene McClure,Manitoba,Prarie,Home Office
1248,Toby Knight,Manitoba,Prarie,Corporate
1249,Maribeth Schnelling,Manitoba,Prarie,Corporate
1250,Arthur Gainer,Manitoba,Prarie,Consumer
1251,Theresa Swint,Manitoba,Prarie,Small Business
1252,Harry Marie,Manitoba,Prarie,Consumer
1253,Rachel Payne,Manitoba,Prarie,Home Office
1254,Elpida Rittenbach,Manitoba,Prarie,Consumer
1255,Russell Applegate,Manitoba,Prarie,Home Office
1256,Roland Murray,Manitoba,Prarie,Home Office
1257,Arthur Gainer,Manitoba,Prarie,Corporate
1258,Peter Fuller,Saskachewan,Prarie,Consumer
1259,Sam Craven,Saskachewan,Prarie,Home Office
1260,Mitch Willingham,Saskachewan,Prarie,Corporate
1261,John Dryer,Saskachewan,Prarie,Corporate
1262,Susan Gilcrest,Saskachewan,Prarie,Home Office
1263,Ken Heidel,Saskachewan,Prarie,Corporate
1264,Patrick Ryan,Saskachewan,Prarie,Corporate
1265,Randy Bradley,Saskachewan,Prarie,Small Business
1266,William Brown,Saskachewan,Prarie,Corporate
1267,Rick Hansen,Saskachewan,Prarie,Corporate
1268,Toby Grace,Saskachewan,Prarie,Home Office
1269,Joseph Holt,Saskachewan,Prarie,Home Office
1270,Maya Herman,Saskachewan,Prarie,Corporate
1271,Rick Hansen,Saskachewan,Prarie,Home Office
1272,Ashley Jarboe,Saskachewan,Prarie,Small Business
1273,Randy Bradley,Saskachewan,Prarie,Corporate
1274,William Brown,Saskachewan,Prarie,Home Office
1275,Ashley Jarboe,Saskachewan,Prarie,Home Office
1276,Pauline Webber,Saskachewan,Prarie,Consumer
1277,Matt Collister,Saskachewan,Prarie,Home Office
1278,Kean Takahito,Saskachewan,Prarie,Home Office
1279,Julia Dunbar,Saskachewan,Prarie,Consumer
1280,Nick Zandusky,Saskachewan,Prarie,Small Business
1281,Peter Fuller,Saskachewan,Prarie,Corporate
1282,Neoma Murray,Saskachewan,Prarie,Small Business
1283,Sung Chung,Saskachewan,Prarie,Home Office
1284,Darrin Van Huff,Saskachewan,Prarie,Home Office
1285,Brian Moss,Saskachewan,Prarie,Corporate
1286,Max Ludwig,Saskachewan,Prarie,Corporate
1287,Michelle Moray,Saskachewan,Prarie,Corporate
1288,Eva Jacobs,Saskachewan,Prarie,Home Office
1289,Craig Rider,Saskachewan,Prarie,Small Business
1290,Maribeth Yedwab,Saskachewan,Prarie,Home Office
1291,Cindy Schnelling,Saskachewan,Prarie,Corporate
1292,Eugene Moren,Saskachewan,Prarie,Home Office
1293,Liz Price,Saskachewan,Prarie,Corporate
1294,Liz Price,Saskachewan,Prarie,Consumer
1295,Mark Van Huff,Saskachewan,Prarie,Home Office
1296,Stefania Perrino,Saskachewan,Prarie,Corporate
1297,Mark Hamilton,Saskachewan,Prarie,Home Office
1298,Chuck Magee,Saskachewan,Prarie,Corporate
1299,Sung Shariari,Saskachewan,Prarie,Corporate
1300,Nona Balk,Saskachewan,Prarie,Corporate
1301,Tom Stivers,Saskachewan,Prarie,Small Business
1302,Richard Eichhorn,Saskachewan,Prarie,Consumer
1303,Neil French,Saskachewan,Prarie,Consumer
1304,Neil French,Saskachewan,Prarie,Corporate
1305,Nicole Fjeld,Saskachewan,Prarie,Small Business
1306,Suzanne McNair,Saskachewan,Prarie,Small Business
1307,Andy Reiter,Saskachewan,Prarie,Corporate
1308,Suzanne McNair,Saskachewan,Prarie,Corporate
1309,Susan Pistek,Saskachewan,Prarie,Home Office
1310,Nick Crebassa,Saskachewan,Prarie,Corporate
1311,Tom Stivers,Saskachewan,Prarie,Corporate
1312,Rob Beeghly,Saskachewan,Prarie,Consumer
1313,Aleksandra Gannaway,Saskachewan,Prarie,Home Office
1314,Aleksandra Gannaway,Saskachewan,Prarie,Corporate
1315,Robert Waldorf,Saskachewan,Prarie,Home Office
1316,Brenda Bowman,Saskachewan,Prarie,Small Business
1317,Carl Weiss,Saskachewan,Prarie,Consumer
1318,Jack O'Briant,Saskachewan,Prarie,Consumer
1319,Joel Eaton,Saskachewan,Prarie,Home Office
1320,Justin Ellison,Saskachewan,Prarie,Home Office
1321,Jennifer Jackson,Saskachewan,Prarie,Home Office
1322,Michael Oakman,Saskachewan,Prarie,Small Business
1323,Jack O'Briant,Saskachewan,Prarie,Small Business
1324,Jack O'Briant,Saskachewan,Prarie,Home Office
1325,Karen Bern,Saskachewan,Prarie,Corporate
1326,Kristen Hastings,Saskachewan,Prarie,Corporate
1327,Meg Tillman,Saskachewan,Prarie,Small Business
1328,Liz Pelletier,Saskachewan,Prarie,Corporate
1329,Jonathan Doherty,Saskachewan,Prarie,Corporate
1330,Frank Gastineau,Saskachewan,Prarie,Small Business
1331,Janet Lee,Saskachewan,Prarie,Consumer
1332,Rick Wilson,Saskachewan,Prarie,Consumer
1333,Lycoris Saunders,Saskachewan,Prarie,Corporate
1334,Maxwell Schwartz,Saskachewan,Prarie,Corporate
1335,Liz Carlisle,Saskachewan,Prarie,Corporate
1336,Neil Knudson,Saskachewan,Prarie,Corporate
1337,Denise Monton,Saskachewan,Prarie,Home Office
1338,Lycoris Saunders,Saskachewan,Prarie,Home Office
1339,Kelly Collister,Saskachewan,Prarie,Consumer
1340,Dennis Pardue,Saskachewan,Prarie,Corporate
1341,Dennis Pardue,Saskachewan,Prarie,Small Business
1342,Neil Knudson,Saskachewan,Prarie,Home Office
1343,John Huston,Saskachewan,Prarie,Consumer
1344,MaryBeth Skach,Saskachewan,Prarie,Home Office
1345,Rick Wilson,Saskachewan,Prarie,Corporate
1346,Anthony Garverick,Saskachewan,Prarie,Small Business
1347,Lindsay Castell,Saskachewan,Prarie,Small Business
1348,Justin Deggeller,Saskachewan,Prarie,Corporate
1349,Lindsay Castell,Saskachewan,Prarie,Corporate
1350,Liz Pelletier,Saskachewan,Prarie,Home Office
1351,Craig Carreira,Saskachewan,Prarie,Corporate
1352,Paul Stevenson,Saskachewan,Prarie,Corporate
1353,Greg Hansen,Saskachewan,Prarie,Home Office
1354,Bill Eplett,Saskachewan,Prarie,Corporate
1355,Jeremy Lonsdale,Saskachewan,Prarie,Corporate
1356,Ionia McGrath,Saskachewan,Prarie,Small Business
1357,Ionia McGrath,Saskachewan,Prarie,Home Office
1358,Emily Grady,Saskachewan,Prarie,Home Office
1359,Valerie Takahito,Saskachewan,Prarie,Consumer
1360,Luke Schmidt,Saskachewan,Prarie,Home Office
1361,Kelly Andreada,Saskachewan,Prarie,Home Office
1362,Jason Klamczynski,Saskachewan,Prarie,Small Business
1363,Tracy Hopkins,Saskachewan,Prarie,Small Business
1364,Craig Leslie,Saskachewan,Prarie,Consumer
1365,Michael Grace,Saskachewan,Prarie,Corporate
1366,Saphhira Shifley,Saskachewan,Prarie,Corporate
1367,Saphhira Shifley,Saskachewan,Prarie,Consumer
1368,Laurel Beltran,Saskachewan,Prarie,Consumer
1369,Tracy Blumstein,Saskachewan,Prarie,Home Office
1370,Larry Blacks,Saskachewan,Prarie,Consumer
1371,Harold Dahlen,Saskachewan,Prarie,Corporate
1372,Harold Dahlen,Saskachewan,Prarie,Consumer
1373,Richard Bierner,Saskachewan,Prarie,Small Business
1374,Tiffany House,Saskachewan,Prarie,Corporate
1375,Roy Collins,Saskachewan,Prarie,Corporate
1376,Toby Swindell,Saskachewan,Prarie,Small Business
1377,Sarah Brown,Saskachewan,Prarie,Consumer
1378,Christina Anderson,Saskachewan,Prarie,Corporate
1379,Robert Dilbeck,Saskachewan,Prarie,Corporate
1380,Randy Ferguson,Saskachewan,Prarie,Home Office
1381,Arianne Irving,Saskachewan,Prarie,Corporate
1382,Randy Ferguson,Saskachewan,Prarie,Corporate
1383,Cynthia Arntzen,Saskachewan,Prarie,Small Business
1384,Andy Gerbode,Saskachewan,Prarie,Consumer
1385,Amy Hunt,Saskachewan,Prarie,Home Office
1386,Craig Molinari,Saskachewan,Prarie,Small Business
1387,Trudy Brown,Saskachewan,Prarie,Small Business
1388,Amy Hunt,Saskachewan,Prarie,Small Business
1389,Philip Fox,Saskachewan,Prarie,Home Office
1390,Brian Dahlen,Saskachewan,Prarie,Small Business
1391,Beth Fritzler,Saskachewan,Prarie,Small Business
1392,Brosina Hoffman,Saskachewan,Prarie,Consumer
1393,Amy Hunt,Saskachewan,Prarie,Consumer
1394,Cynthia Arntzen,Saskachewan,Prarie,Home Office
1395,Jennifer Ferguson,Saskachewan,Prarie,Corporate
1396,Paul Prost,Saskachewan,Prarie,Corporate
1397,Toby Carlisle,Saskachewan,Prarie,Home Office
1398,Anthony Witt,Saskachewan,Prarie,Corporate
1399,Phillina Ober,New Brunswick,Atlantic,Small Business
1400,Jim Epp,New Brunswick,Atlantic,Small Business
1401,Muhammed Yedwab,New Brunswick,Atlantic,Consumer
1402,Maribeth Schnelling,New Brunswick,Atlantic,Corporate
1403,Deanra Eno,New Brunswick,Atlantic,Corporate
1404,James Galang,New Brunswick,Atlantic,Consumer
1405,Katrina Willman,New Brunswick,Atlantic,Consumer
1406,Nora Price,New Brunswick,Atlantic,Home Office
1407,Lisa DeCherney,New Brunswick,Atlantic,Corporate
1408,Lynn Smith,New Brunswick,Atlantic,Corporate
1409,Christina DeMoss,New Brunswick,Atlantic,Home Office
1410,Christine Abelman,New Brunswick,Atlantic,Corporate
1411,Nora Price,New Brunswick,Atlantic,Small Business
1412,Maribeth Dona,New Brunswick,Atlantic,Home Office
1413,Pauline Johnson,New Brunswick,Atlantic,Corporate
1414,Jocasta Rupert,New Brunswick,Atlantic,Consumer
1415,Laurel Elliston,New Brunswick,Atlantic,Corporate
1416,Georgia Rosenberg,New Brunswick,Atlantic,Consumer
1417,Allen Armold,New Brunswick,Atlantic,Home Office
1418,Anemone Ratner,New Brunswick,Atlantic,Small Business
1419,Katherine Hughes,New Brunswick,Atlantic,Consumer
1420,Tracy Collins,New Brunswick,Atlantic,Consumer
1421,Liz MacKendrick,New Brunswick,Atlantic,Corporate
1422,Alan Hwang,New Brunswick,Atlantic,Corporate
1423,Alan Hwang,New Brunswick,Atlantic,Small Business
1424,Tracy Collins,New Brunswick,Atlantic,Corporate
1425,Richard Bierner,New Brunswick,Atlantic,Small Business
1426,Bruce Stewart,New Brunswick,Atlantic,Corporate
1427,Aleksandra Gannaway,New Brunswick,Atlantic,Corporate
1428,Brendan Sweed,New Brunswick,Atlantic,Consumer
1429,Laurel Elliston,New Brunswick,Atlantic,Home Office
1430,Dean Percer,New Brunswick,Atlantic,Home Office
1431,Lisa DeCherney,New Brunswick,Atlantic,Consumer
1432,Dean Percer,New Brunswick,Atlantic,Consumer
1433,Aimee Bixby,New Brunswick,Atlantic,Home Office
1434,Phillip Breyer,New Brunswick,Atlantic,Corporate
1435,Craig Yedwab,Yukon,Yukon,Consumer
1436,Dario Medina,Yukon,Yukon,Small Business
1437,Ed Braxton,Yukon,Yukon,Consumer
1438,Cindy Chapman,Yukon,Yukon,Consumer
1439,Ashley Jarboe,Yukon,Yukon,Home Office
1440,Benjamin Farhat,Yukon,Yukon,Home Office
1441,Cindy Chapman,Yukon,Yukon,Corporate
1442,Bruce Degenhardt,Yukon,Yukon,Home Office
1443,Dianna Vittorini,Yukon,Yukon,Corporate
1444,Cindy Stewart,Yukon,Yukon,Corporate
1445,Ed Braxton,Yukon,Yukon,Home Office
1446,Quincy Jones,Yukon,Yukon,Home Office
1447,Quincy Jones,Yukon,Yukon,Small Business
1448,Quincy Jones,Yukon,Yukon,Corporate
1449,Rob Williams,Yukon,Yukon,Home Office
1450,Benjamin Patterson,Yukon,Yukon,Corporate
1451,Anna Chung,Yukon,Yukon,Home Office
1452,Ricardo Block,Yukon,Yukon,Corporate
1453,Ashley Jarboe,Yukon,Yukon,Small Business
1454,Craig Yedwab,Yukon,Yukon,Corporate
1455,Cindy Stewart,Yukon,Yukon,Consumer
1456,Trudy Bell,Yukon,Yukon,Consumer
1457,Brad Thomas,Yukon,Yukon,Home Office
1458,Bart Folk,Yukon,Yukon,Corporate
1459,Paul Lucas,Yukon,Yukon,Corporate
1460,Dean Percer,Yukon,Yukon,Home Office
1461,Robert Barroso,Yukon,Yukon,Small Business
1462,Brad Thomas,Yukon,Yukon,Corporate
1463,David Kendrick,Yukon,Yukon,Home Office
1464,Luke Foster,Yukon,Yukon,Corporate
1465,Maureen Gastineau,Yukon,Yukon,Consumer
1466,Ed Jacobs,Yukon,Yukon,Small Business
1467,Dave Poirier,Yukon,Yukon,Small Business
1468,Aleksandra Gannaway,Yukon,Yukon,Corporate
1469,Kean Thornton,Yukon,Yukon,Corporate
1470,Rob Lucas,Yukon,Yukon,Small Business
1471,Nora Paige,Yukon,Yukon,Small Business
1472,Eric Barreto,Yukon,Yukon,Consumer
1473,Sara Luxemburg,Yukon,Yukon,Small Business
1474,Adam Hart,Yukon,Yukon,Corporate
1475,Bobby Elias,Yukon,Yukon,Small Business
1476,Roland Fjeld,Yukon,Yukon,Corporate
1477,Bill Shonely,Yukon,Yukon,Small Business
1478,Denny Ordway,Yukon,Yukon,Small Business
1479,Bill Tyler,Yukon,Yukon,Consumer
1480,Alan Schoenberger,Yukon,Yukon,Corporate
1481,Charles Crestani,Yukon,Yukon,Consumer
1482,Christy Brittain,Yukon,Yukon,Consumer
1483,Bradley Drucker,Yukon,Yukon,Small Business
1484,Bryan Spruell,Yukon,Yukon,Home Office
1485,Tom Prescott,Yukon,Yukon,Small Business
1486,Eric Barreto,Yukon,Yukon,Small Business
1487,Karl Brown,Yukon,Yukon,Corporate
1488,Thomas Thornton,Yukon,Yukon,Consumer
1489,Anthony Garverick,Yukon,Yukon,Small Business
1490,Tamara Willingham,Yukon,Yukon,Corporate
1491,Dan Campbell,Yukon,Yukon,Small Business
1492,Thea Hendricks,Yukon,Yukon,Home Office
1493,Giulietta Dortch,Yukon,Yukon,Corporate
1494,Mark Haberlin,Yukon,Yukon,Small Business
1495,Evan Henry,Yukon,Yukon,Corporate
1496,Grant Thornton,Yukon,Yukon,Corporate
1497,Giulietta Dortch,Yukon,Yukon,Small Business
1498,Ellis Ballard,Yukon,Yukon,Corporate
1499,Eric Murdock,Yukon,Yukon,Home Office
1500,Jill Fjeld,Yukon,Yukon,Home Office
1501,Anne McFarland,Yukon,Yukon,Consumer
1502,Astrea Jones,Yukon,Yukon,Corporate
1503,Peter Buhler,Yukon,Yukon,Consumer
1504,Dean Katz,Yukon,Yukon,Home Office
1505,Karen Carlisle,Yukon,Yukon,Corporate
1506,Carlos Meador,Yukon,Yukon,Corporate
1507,Giulietta Dortch,Yukon,Yukon,Consumer
1508,Karl Brown,Yukon,Yukon,Home Office
1509,Jennifer Patt,Yukon,Yukon,Home Office
1510,Cynthia Voltz,Yukon,Yukon,Corporate
1511,Barry Pond,Yukon,Yukon,Consumer
1512,Tony Molinari,Yukon,Yukon,Corporate
1513,Julia Barnett,Yukon,Yukon,Corporate
1514,Jeremy Pistek,Yukon,Yukon,Corporate
1515,Cyra Reiten,Yukon,Yukon,Consumer
1516,Dan Campbell,Yukon,Yukon,Corporate
1517,Brian Stugart,Yukon,Yukon,Consumer
1518,Julia Barnett,Yukon,Yukon,Home Office
1519,Yana Sorensen,Yukon,Yukon,Corporate
1520,Joni Wasserman,Yukon,Yukon,Consumer
1521,Aaron Hawkins,Yukon,Yukon,Home Office
1522,Victoria Pisteka,Yukon,Yukon,Corporate
1523,Dave Kipp,Yukon,Yukon,Corporate
1524,Shirley Jackson,Yukon,Yukon,Corporate
1525,David Bremer,Yukon,Yukon,Corporate
1526,Deanra Eno,Yukon,Yukon,Corporate
1527,Aleksandra Gannaway,Yukon,Yukon,Home Office
1528,Brian Stugart,Yukon,Yukon,Corporate
1529,Jill Matthias,Yukon,Yukon,Consumer
1530,Tim Taslimi,Yukon,Yukon,Corporate
1531,Muhammed Lee,Yukon,Yukon,Corporate
1532,Juliana Krohn,Yukon,Yukon,Corporate
1533,Darrin Sayre,Yukon,Yukon,Consumer
1534,Duane Noonan,Yukon,Yukon,Corporate
1535,Paul Van Hugh,Yukon,Yukon,Corporate
1536,Janet Martin,Yukon,Yukon,Corporate
1537,Corey Roper,Yukon,Yukon,Small Business
1538,Darren Budd,Yukon,Yukon,Home Office
1539,Darren Budd,Yukon,Yukon,Consumer
1540,Helen Andreada,Yukon,Yukon,Corporate
1541,Nicole Brennan,Yukon,Yukon,Consumer
1542,Ivan Liston,Yukon,Yukon,Consumer
1543,Brendan Murry,Yukon,Yukon,Corporate
1544,Amy Cox,Yukon,Yukon,Corporate
1545,Karen Carlisle,Yukon,Yukon,Home Office
1546,Tracy Hopkins,Yukon,Yukon,Small Business
1547,Dave Kipp,Yukon,Yukon,Consumer
1548,Tom Ashbrook,Yukon,Yukon,Home Office
1549,Nicole Brennan,Yukon,Yukon,Home Office
1550,Amy Cox,Yukon,Yukon,Small Business
1551,Barry Weirich,Yukon,Yukon,Corporate
1552,Allen Armold,Yukon,Yukon,Home Office
1553,Maris LaWare,Yukon,Yukon,Home Office
1554,Mick Brown,Yukon,Yukon,Consumer
1555,Chris McAfee,Yukon,Yukon,Consumer
1556,Sara Luxemburg,Yukon,Yukon,Corporate
1557,Deborah Brumfield,Yukon,Yukon,Small Business
1558,Jay Fine,Yukon,Yukon,Consumer
1559,Benjamin Venier,Yukon,Yukon,Small Business
1560,Speros Goranitis,Yukon,Yukon,Corporate
1561,Pete Kriz,Yukon,Yukon,Corporate
1562,Irene Maddox,Yukon,Yukon,Consumer
1563,Patrick Bzostek,Yukon,Yukon,Consumer
1564,Muhammed Lee,Yukon,Yukon,Consumer
1565,Pete Kriz,British Columbia,West,Corporate
1566,Mark Haberlin,British Columbia,West,Small Business
1567,Emily Burns,British Columbia,West,Home Office
1568,Dave Kipp,British Columbia,West,Consumer
1569,Doug O'Connell,British Columbia,West,Small Business
1570,Corey Lock,British Columbia,West,Home Office
1571,Karen Carlisle,British Columbia,West,Corporate
1572,Mick Brown,British Columbia,West,Consumer
1573,Deborah Brumfield,British Columbia,West,Small Business
1574,Nicole Brennan,British Columbia,West,Home Office
1575,Jay Fine,British Columbia,West,Consumer
1576,Juliana Krohn,British Columbia,West,Small Business
1577,Yana Sorensen,British Columbia,West,Corporate
1578,Bradley Drucker,British Columbia,West,Small Business
1579,Adam Hart,British Columbia,West,Corporate
1580,Benjamin Venier,British Columbia,West,Small Business
1581,Ivan Liston,British Columbia,West,Consumer
1582,Sara Luxemburg,British Columbia,West,Small Business
1583,Tom Ashbrook,British Columbia,West,Home Office
1584,Joni Wasserman,British Columbia,West,Consumer
1585,Eric Murdock,British Columbia,West,Home Office
1586,Brad Thomas,British Columbia,West,Home Office
1587,Victoria Pisteka,British Columbia,West,Corporate
1588,Barry Pond,British Columbia,West,Consumer
1589,Chris McAfee,British Columbia,West,Consumer
1590,Karen Carlisle,British Columbia,West,Home Office
1591,Bart Folk,British Columbia,West,Corporate
1592,Barry Weirich,British Columbia,West,Corporate
1593,Michael Stewart,British Columbia,West,Small Business
1594,Dave Poirier,British Columbia,West,Small Business
1595,Aleksandra Gannaway,British Columbia,West,Home Office
1596,Bryan Spruell,British Columbia,West,Home Office
1597,Christy Brittain,British Columbia,West,Consumer
1598,Harold Dahlen,British Columbia,West,Consumer
1599,Bobby Trafton,British Columbia,West,Small Business
1600,Speros Goranitis,British Columbia,West,Corporate
1601,Grant Thornton,British Columbia,West,Corporate
1602,Tom Prescott,British Columbia,West,Small Business
1603,Alan Schoenberger,British Columbia,West,Corporate
1604,Patrick Bzostek,British Columbia,West,Consumer
1605,Tamara Willingham,British Columbia,West,Corporate
1606,Denny Ordway,British Columbia,West,Small Business
1607,Roland Fjeld,British Columbia,West,Corporate
1608,Elizabeth Moffitt,British Columbia,West,Consumer
1609,David Kendrick,British Columbia,West,Home Office
1610,Julia Barnett,British Columbia,West,Home Office
1611,Shirley Jackson,British Columbia,West,Corporate
1612,Brendan Murry,British Columbia,West,Corporate
1613,Jennifer Patt,British Columbia,West,Home Office
1614,Jeremy Pistek,British Columbia,West,Corporate
1615,David Bremer,British Columbia,West,Corporate
1616,Nora Paige,British Columbia,West,Small Business
1617,Bobby Trafton,British Columbia,West,Corporate
1618,Alejandro Savely,British Columbia,West,Corporate
1619,Charles Crestani,British Columbia,West,Consumer
1620,Muhammed Lee,British Columbia,West,Corporate
1621,Maureen Gastineau,British Columbia,West,Consumer
1622,Berenike Kampe,British Columbia,West,Corporate
1623,Bobby Elias,British Columbia,West,Small Business
1624,Noel Staavos,British Columbia,West,Home Office
1625,Damala Kotsonis,British Columbia,West,Corporate
1626,Jill Matthias,British Columbia,West,Consumer
1627,Tim Taslimi,British Columbia,West,Corporate
1628,Corey Catlett,British Columbia,West,Home Office
1629,Harold Dahlen,British Columbia,West,Corporate
1630,Dan Campbell,British Columbia,West,Small Business
1631,Maris LaWare,British Columbia,West,Home Office
1632,Mark Packer,British Columbia,West,Small Business
1633,Juliana Krohn,British Columbia,West,Corporate
1634,Bill Shonely,British Columbia,West,Small Business
1635,Debra Catini,British Columbia,West,Small Business
1636,Emily Phan,British Columbia,West,Consumer
1637,Keith Herrera,British Columbia,West,Small Business
1638,Tony Molinari,British Columbia,West,Corporate
1639,Rick Huthwaite,British Columbia,West,Corporate
1640,George Zrebassa,British Columbia,West,Home Office
1641,Aaron Hawkins,British Columbia,West,Home Office
1642,Dan Campbell,British Columbia,West,Corporate
1643,Tamara Willingham,British Columbia,West,Home Office
1644,Nicole Brennan,British Columbia,West,Consumer
1645,Paul Van Hugh,British Columbia,West,Consumer
1646,Cyra Reiten,British Columbia,West,Consumer
1647,Helen Andreada,British Columbia,West,Corporate
1648,Chris Cortes,British Columbia,West,Consumer
1649,Katherine Ducich,British Columbia,West,Corporate
1650,Thomas Thornton,British Columbia,West,Consumer
1651,Irene Maddox,British Columbia,West,Consumer
1652,Allen Armold,British Columbia,West,Home Office
1653,Eric Barreto,British Columbia,West,Consumer
1654,Raymond Fair,British Columbia,West,Small Business
1655,Tracy Hopkins,British Columbia,West,Small Business
1656,Natalie Webber,British Columbia,West,Corporate
1657,Brad Thomas,British Columbia,West,Corporate
1658,Kean Thornton,British Columbia,West,Corporate
1659,Alyssa Tate,British Columbia,West,Small Business
1660,Julia Barnett,British Columbia,West,Corporate
1661,Anne McFarland,British Columbia,West,Consumer
1662,Thea Hendricks,British Columbia,West,Home Office
1663,Natalie Webber,British Columbia,West,Consumer
1664,Eric Barreto,British Columbia,West,Small Business
1665,Ed Jacobs,British Columbia,West,Small Business
1666,Dean Katz,British Columbia,West,Home Office
1667,Giulietta Dortch,British Columbia,West,Small Business
1668,Muhammed Lee,British Columbia,West,Consumer
1669,Art Foster,British Columbia,West,Home Office
1670,Eugene Moren,British Columbia,West,Home Office
1671,Carol Darley,British Columbia,West,Small Business
1672,Maribeth Dona,British Columbia,West,Home Office
1673,Fred Harton,British Columbia,West,Home Office
1674,Andrew Allen,British Columbia,West,Corporate
1675,Art Miller,British Columbia,West,Corporate
1676,Scott Cohen,British Columbia,West,Consumer
1677,Lauren Leatherbury,British Columbia,West,Corporate
1678,Greg Matthias,British Columbia,West,Home Office
1679,Cynthia Delaney,British Columbia,West,Corporate
1680,Anthony Rawles,British Columbia,West,Small Business
1681,Lauren Leatherbury,British Columbia,West,Home Office
1682,Barry Blumstein,British Columbia,West,Small Business
1683,Eva Jacobs,British Columbia,West,Home Office
1684,Carol Darley,British Columbia,West,Home Office
1685,Duane Noonan,British Columbia,West,Corporate
1686,Greg Matthias,British Columbia,West,Small Business
1687,Sanjit Jacobs,British Columbia,West,Consumer
1688,Ken Lonsdale,British Columbia,West,Consumer
1689,Christopher Martinez,British Columbia,West,Home Office
1690,Ricardo Block,Alberta,West,Corporate
1691,Roger Barcio,Alberta,West,Corporate
1692,Sung Pak,Alberta,West,Small Business
1693,Tim Brockman,Alberta,West,Consumer
1694,Victoria Pisteka,Alberta,West,Corporate
1695,Sung Chung,Alberta,West,Home Office
1696,Resi Polking,Alberta,West,Small Business
1697,Roger Demir,Alberta,West,Consumer
1698,Tamara Manning,Alberta,West,Corporate
1699,Sue Ann Reed,Alberta,West,Consumer
1700,John Murray,Alberta,West,Small Business
1701,Shaun Chance,Alberta,West,Corporate
1702,Darren Powers,Alberta,West,Corporate
1703,Penelope Sewall,Alberta,West,Home Office
1704,Mike Pelletier,Alberta,West,Corporate
1705,Tom Prescott,Alberta,West,Small Business
1706,Sharelle Roach,Alberta,West,Home Office
1707,Pauline Webber,Alberta,West,Consumer
1708,Quincy Jones,Alberta,West,Small Business
1709,Lindsay Castell,Alberta,West,Small Business
1710,Adam Bellavance,Alberta,West,Small Business
1711,Ken Dana,Alberta,West,Corporate
1712,Ken Dana,Alberta,West,Small Business
1713,Lindsay Castell,Alberta,West,Corporate
1714,Laurel Workman,Alberta,West,Home Office
1715,Lisa Ryan,Alberta,West,Home Office
1716,Max Engle,Alberta,West,Corporate
1717,Helen Wasserman,Alberta,West,Home Office
1718,Julia Dunbar,Alberta,West,Consumer
1719,Carl Weiss,Alberta,West,Consumer
1720,Chuck Clark,Alberta,West,Corporate
1721,Darren Koutras,Alberta,West,Consumer
1722,Roland Murray,Alberta,West,Home Office
1723,Daniel Byrd,Alberta,West,Home Office
1724,Bobby Odegard,Alberta,West,Corporate
1725,Chloris Kastensmidt,Alberta,West,Consumer
1726,Bobby Odegard,Alberta,West,Consumer
1727,Arthur Gainer,Alberta,West,Consumer
1728,Lisa Hazard,Alberta,West,Home Office
1729,Mitch Gastineau,Alberta,West,Small Business
1730,Katharine Harms,Alberta,West,Consumer
1731,Matthew Grinstein,Alberta,West,Small Business
1732,Cathy Prescott,Alberta,West,Corporate
1733,Lauren Leatherbury,Alberta,West,Corporate
1734,Lauren Leatherbury,Alberta,West,Home Office
1735,Mitch Gastineau,Alberta,West,Corporate
1736,Quincy Jones,Alberta,West,Corporate
1737,Maria Etezadi,Alberta,West,Home Office
1738,Cari MacIntyre,Alberta,West,Corporate
1739,Sample Company A,Alberta,West,Home Office
1740,Maria Zettner,Alberta,West,Corporate
1741,Sonia Cooley,Alberta,West,Corporate
1742,Sibella Parks,Alberta,West,Small Business
1743,Hallie Redmond,Alberta,West,Home Office
1744,Harold Dahlen,Alberta,West,Corporate
1745,Hallie Redmond,Alberta,West,Small Business
1746,Becky Pak,Alberta,West,Corporate
1747,Harold Dahlen,Alberta,West,Consumer
1748,Clytie Kelty,Alberta,West,Small Business
1749,Adam Shillingsburg,Alberta,West,Corporate
1750,Brooke Gillingham,Alberta,West,Small Business
1751,Tom Boeckenhauer,Alberta,West,Corporate
1752,Alex Russell,Alberta,West,Home Office
1753,Alejandro Ballentine,Alberta,West,Small Business
1754,Claire Good,Alberta,West,Home Office
1755,Trudy Bell,Alberta,West,Consumer
1756,Alyssa Crouse,Alberta,West,Corporate
1757,Cassandra Brandow,Alberta,West,Home Office
1758,Adrian Barton,Alberta,West,Small Business
1759,Catherine Glotzbach,Alberta,West,Home Office
1760,Jenna Caffey,Alberta,West,Consumer
1761,Rose O'Brian,Alberta,West,Home Office
1762,Valerie Takahito,Alberta,West,Consumer
1763,Rick Wilson,Alberta,West,Consumer
1764,Frank Olsen,Alberta,West,Small Business
1765,Rick Wilson,Alberta,West,Corporate
1766,Erica Hackney,Alberta,West,Small Business
1767,Alyssa Crouse,Alberta,West,Home Office
1768,Ken Lonsdale,Alberta,West,Consumer
1769,Cari Sayre,Alberta,West,Corporate
1770,Alice McCarthy,Alberta,West,Corporate
1771,Frank Merwin,Alberta,West,Consumer
1772,Annie Thurman,Alberta,West,Consumer
1773,Bruce Money,Alberta,West,Corporate
1774,Kelly Williams,Alberta,West,Corporate
1775,Daniel Lacy,Alberta,West,Small Business
1776,Annie Thurman,Alberta,West,Home Office
1777,Georgia Rosenberg,Alberta,West,Consumer
1778,Craig Carroll,Alberta,West,Corporate
1779,Craig Carroll,Alberta,West,Small Business
1780,Craig Leslie,Alberta,West,Consumer
1781,Emily Grady,Alberta,West,Home Office
1782,Larry Tron,Alberta,West,Home Office
1783,Brian DeCherney,Alberta,West,Corporate
1784,Ann Steele,Alberta,West,Corporate
1785,Cari Sayre,Alberta,West,Home Office
1786,Larry Tron,Alberta,West,Corporate
1787,Harold Pawlan,Alberta,West,Small Business
1788,Frank Merwin,Alberta,West,Corporate
1789,Anthony Jacobs,Alberta,West,Home Office
1790,Katrina Edelman,Alberta,West,Corporate
1791,Grace Kelly,Alberta,West,Consumer
1792,Frank Gastineau,Alberta,West,Small Business
1793,Ruben Dartt,Alberta,West,Corporate
1794,Liz Pelletier,Alberta,West,Corporate
1795,Tony Sayre,Alberta,West,Small Business
1796,Roy Phan,Alberta,West,Consumer
1797,Clay Cheatham,Alberta,West,Small Business
1798,Yoseph Carroll,Alberta,West,Consumer
1799,Raymond Book,Alberta,West,Consumer
1800,Alan Dominguez,Alberta,West,Corporate
1801,Stephanie Phelps,Alberta,West,Consumer
1802,Adrian Hane,Alberta,West,Corporate
1803,Tonja Turnell,Alberta,West,Consumer
1804,Brendan Sweed,Alberta,West,Consumer
1805,Tony Sayre,Alberta,West,Home Office
1806,Jim Karlsson,Alberta,West,Small Business
1807,Roy Phan,Alberta,West,Corporate
1808,Steven Roelle,Alberta,West,Small Business
1809,Christopher Conant,Alberta,West,Consumer
1810,Andrew Roberts,Alberta,West,Home Office
1811,Cyma Kinney,Alberta,West,Small Business
1812,Christine Abelman,Alberta,West,Corporate
1813,Erica Smith,Alberta,West,Small Business
1814,Christopher Conant,Alberta,West,Home Office
1815,Sarah Brown,Alberta,West,Consumer
1816,Shui Tom,Alberta,West,Home Office
1817,Frank Hawley,Alberta,West,Home Office
1818,Aaron Bergman,Alberta,West,Corporate
1819,Victoria Brennan,Alberta,West,Small Business
1820,Adrian Shami,Alberta,West,Consumer
1821,Phillina Ober,Alberta,West,Small Business
1822,Andrew Roberts,Alberta,West,Small Business
1823,Jeremy Lonsdale,Alberta,West,Corporate
1824,Shui Tom,Alberta,West,Consumer
1825,Andy Yotov,Alberta,West,Corporate
1826,Nicole Brennan,Alberta,West,Home Office
1827,Jessica Myrick,Alberta,West,Small Business
1828,Nicole Brennan,Alberta,West,Consumer
1829,Jason Fortune,Alberta,West,Corporate
1830,Harry Greene,Alberta,West,Corporate
1831,Grant Donatelli,Alberta,West,Consumer
1832,Mick Brown,Alberta,West,Consumer
